id	chrom	position	ref	alt	Genomic Coordinates	Overlapped or Nearest Genes	SIFT	CADD - Combined Annotation Dependent Depletion	Ensembl
chr1:5690432:T/C:1	1	5690432	T	C	SS=1;CTG=GL000006.2;CTGPOS5104444;CB=p36.31;DBSNP=rs1182655967	ENCODE=.:.:.:AL365255.1:lincRNA:22137:MIR4689:miRNA:172240		CADD=T/C:0.534429:7.634	
chr1:12188701:A/G:1	1	12188701	A	G	SS=1;CTG=GL000006.2;CTGPOS11602713;CB=p36.22;DBSNP=.	ENCODE=TNFRSF1B:protein_coding:non-coding intronic,intronic:.:.:.:.:.:.		CADD=A/G:0.100441:2.797	CONSEQ=intronic(ENSG00000028137:ENST00000376259:95:.:.:.:.),intronic(ENSG00000028137:ENST00000536782:95:.:.:.:.),non-coding intronic(ENSG00000028137:ENST00000492361:2256:.:.:.:.)
chr1:17401141:T/G:1	1	17401141	T	G	SS=1;CTG=GL000006.2;CTGPOS16815153;CB=p36.13;DBSNP=.	ENCODE=PADI6:protein_coding:intronic:.:.:.:.:.:.		CADD=T/G:-0.225229:0.453	CONSEQ=intronic(ENSG00000276747:ENST00000619609:64:.:.:.:.)
chr1:23798309:A/C:1	1	23798309	A	C	SS=1;CTG=GL000006.2;CTGPOS23212321;CB=p36.11;DBSNP=rs980744051	ENCODE=GALE:protein_coding:5upstream,non-coding,3downstream,non-coding intronic,intronic:.:.:.:.:.:.		CADD=A/C:0.000802:1.758	CONSEQ=3downstream(ENSG00000117308:ENST00000470383:.:.:.:.:.),3downstream(ENSG00000117308:ENST00000466250:.:.:.:.:.),3downstream(ENSG00000117308:ENST00000467070:.:.:.:.:.),5upstream(ENSG00000117308:ENST00000456977:.:.:.:.:.),5upstream(ENSG00000117308:ENST00000469556:.:.:.:.:.),non-coding(ENSG00000117308:ENST00000467493:.:619:.:.:.),non-coding(ENSG00000117308:ENST00000481736:.:563:.:.:.),non-coding intronic(ENSG00000117308:ENST00000470949:84:.:.:.:.),non-coding intronic(ENSG00000117308:ENST00000486382:84:.:.:.:.),intronic(ENSG00000117308:ENST00000374497:79:.:.:.:.),intronic(ENSG00000117308:ENST00000418277:79:.:.:.:.),intronic(ENSG00000117308:ENST00000425913:79:.:.:.:.),intronic(ENSG00000117308:ENST00000429356:79:.:.:.:.),intronic(ENSG00000117308:ENST00000445705:79:.:.:.:.),non-coding intronic(ENSG00000117308:ENST00000459934:79:.:.:.:.),intronic(ENSG00000117308:ENST00000617979:79:.:.:.:.)
chr1:27819538:A/G:1	1	27819538	A	G	SS=1;CTG=GL000006.2;CTGPOS27233550;CB=p35.3;DBSNP=rs1318182373	ENCODE=STX12:protein_coding:3downstream,intronic:.:.:.:.:.:.		CADD=A/G:0.623010:8.387	CONSEQ=5upstream(ENSG00000270031:ENST00000602843:.:.:.:.:.),intronic(ENSG00000117758:ENST00000373943:112:.:.:.:.),3downstream(ENSG00000117758:ENST00000472285:.:.:.:.:.)
chr1:28508571:C/A:1	1	28508571	C	A	SS=1;CTG=GL000006.2;CTGPOS27922583;CB=p35.3;DBSNP=.	ENCODE=RCC1:protein_coding:5upstream,intronic:.:.:.:.:.:.;SNHG3:processed_transcript:3downstream,non-coding intronic:.:.:.:.:.:.;SNORA73B:snoRNA:non-coding:.:.:.:.:.:.		CADD=C/A:1.535868:15.910	CONSEQ=3downstream(ENSG00000274266:ENST00000364938:.:.:.:.:.),5upstream(ENSG00000180198:ENST00000419074:.:.:.:.:.),intronic(ENSG00000180198:ENST00000373833:259:.:.:.:.),intronic(ENSG00000180198:ENST00000398958:259:.:.:.:.),non-coding intronic(ENSG00000242125:ENST00000413987:259:.:.:.:.),intronic(ENSG00000180198:ENST00000427469:259:.:.:.:.),intronic(ENSG00000180198:ENST00000434290:259:.:.:.:.),non-coding intronic(ENSG00000242125:ENST00000437681:259:.:.:.:.),intronic(ENSG00000180198:ENST00000649185:259:.:.:.:.),3downstream(ENSG00000242125:ENST00000447507:.:.:.:.:.),non-coding(ENSG00000200087:ENST00000363217:.:13:.:.:.)
chr1:33024644:G/C:1	1	33024644	G	C	SS=1;CTG=GL000006.2;CTGPOS32438656;CB=p35.1;DBSNP=.	ENCODE=AK2:protein_coding:non-coding intronic,intronic:.:.:.:.:.:.;AL020995.1:antisense:non-coding intronic:.:.:.:.:.:.		CADD=G/C:0.175973:3.750	CONSEQ=non-coding intronic(ENSG00000236065:ENST00000427524:6391:.:.:.:.),intronic(ENSG00000004455:ENST00000548033:2941:.:.:.:.),non-coding intronic(ENSG00000004455:ENST00000548559:77:.:.:.:.),intronic(ENSG00000004455:ENST00000550338:77:.:.:.:.),intronic(ENSG00000004455:ENST00000354858:77:.:.:.:.),intronic(ENSG00000004455:ENST00000373449:77:.:.:.:.),intronic(ENSG00000004455:ENST00000467905:77:.:.:.:.),intronic(ENSG00000004455:ENST00000480134:77:.:.:.:.),intronic(ENSG00000004455:ENST00000487289:77:.:.:.:.),non-coding intronic(ENSG00000004455:ENST00000551979:77:.:.:.:.),intronic(ENSG00000004455:ENST00000629371:77:.:.:.:.)
chr1:34686889:C/T:1	1	34686889	C	T	SS=1;CTG=GL000006.2;CTGPOS34100901;CB=p34.3;DBSNP=rs1177663	ENCODE=.:.:.:MIR552:miRNA:17195:SMIM12:protein_coding:25848		CADD=C/T:-0.921078:0.003	
chr1:35850806:C/A:1	1	35850806	C	A	SS=1;CTG=GL000006.2;CTGPOS35264818;CB=p34.3;DBSNP=rs12031407	ENCODE=AGO4:protein_coding:non-coding intronic,intronic:.:.:.:.:.:.		CADD=C/A:0.418297:6.561	CONSEQ=intronic(ENSG00000134698:ENST00000373210:48:.:.:.:.),non-coding intronic(ENSG00000134698:ENST00000488778:48:.:.:.:.)
chr1:37806988:G/A:1	1	37806988	G	A	SS=1;CTG=GL000006.2;CTGPOS37221000;CB=p34.3;DBSNP=rs2291297	ENCODE=C1orf122:protein_coding:5utr,5upstream:.:.:.:.:.:.;YRDC:protein_coding:intronic:.:.:.:.:.:.		CADD=G/A:0.422183:6.599	CONSEQ=5upstream(ENSG00000197982:ENST00000419397:.:.:.:.:.),5upstream(ENSG00000197982:ENST00000468084:.:.:.:.:.),5upstream(ENSG00000197982:ENST00000373042:.:.:.:.:.),intronic(ENSG00000196449:ENST00000373044:12:.:.:.:.),5utr(ENSG00000197982:ENST00000373043:.:10:.:.:.)
chr1:42816632:A/C:1	1	42816632	A	C	SS=1;CTG=GL000006.2;CTGPOS42230644;CB=p34.2;DBSNP=.	ENCODE=SVBP:protein_coding:non-coding intronic,intronic:.:.:.:.:.:.		CADD=A/C:-0.026333:1.525	CONSEQ=5upstream(ENSG00000164010:ENST00000372517:.:.:.:.:.),5upstream(ENSG00000164010:ENST00000643061:.:.:.:.:.),5upstream(ENSG00000164010:ENST00000645239:.:.:.:.:.),5upstream(ENSG00000164010:ENST00000647120:.:.:.:.:.),5upstream(ENSG00000164010:ENST00000487556:.:.:.:.:.),5upstream(ENSG00000164010:ENST00000642150:.:.:.:.:.),intronic(ENSG00000177868:ENST00000372522:52:.:.:.:.),intronic(ENSG00000177868:ENST00000372521:52:.:.:.:.),non-coding intronic(ENSG00000177868:ENST00000497437:52:.:.:.:.),3downstream(ENSG00000274386:ENST00000421630:.:.:.:.:.)
chr1:43426518:G/A:1	1	43426518	G	A	SS=1;CTG=GL000006.2;CTGPOS42840530;CB=p34.2;DBSNP=rs2782646	ENCODE=SZT2:protein_coding:intronic,coding nonsyn,3utr:.:.:.:.:.:.	SIFT=Tolerated(ENST00000634258:SZT2:G/A:R1065Q:1.000)		CONSEQ=intronic(ENSG00000198198:ENST00000562955:197:.:.:.:.),coding(ENSG00000198198:ENST00000634258:.:3268:3194:nonsyn:R1065Q),3utr(ENSG00000198198:ENST00000470139:.:1855:.:.:.)
chr1:112723830:G/A:1	1	112723830	G	A	SS=1;CTG=GL000006.2;CTGPOS112137842;CB=p13.2;DBSNP=rs113144688	ENCODE=FAM19A3:protein_coding:intronic:.:.:.:.:.:.		CADD=G/A:-0.356968:0.168	CONSEQ=intronic(ENSG00000184599:ENST00000369630:115:.:.:.:.),intronic(ENSG00000184599:ENST00000361886:183:.:.:.:.)
chr1:121118165:G/T:1	1	121118165	G	T	SS=1;CTG=GL000006.2;CTGPOS120532177;CB=p11.2;DBSNP=rs585387	ENCODE=AC244453.1:lincRNA:non-coding:.:.:.:.:.:.		CADD=G/T:1.730372:17.040	CONSEQ=3downstream(ENSG00000213244:ENST00000401004:.:.:.:.:.),5upstream(ENSG00000234998:ENST00000426275:.:.:.:.:.),5upstream(ENSG00000223345:ENST00000412169:.:.:.:.:.),5upstream(ENSG00000223345:ENST00000430394:.:.:.:.:.),non-coding(ENSG00000227193:ENST00000427872:.:40:.:.:.)
chr1:145895756:C/T:1	1	145895756	C	T	SS=1;CTG=GL000016.2;CTGPOS2711169;CB=q21.1;DBSNP=rs782784287	ENCODE=ITGA10:protein_coding:intronic:.:.:.:.:.:.		CADD=C/T:0.211200:4.207	CONSEQ=intronic(ENSG00000143127:ENST00000369304:45:.:.:.:.),intronic(ENSG00000143127:ENST00000539363:45:.:.:.:.)
chr1:151710027:G/A:1	1	151710027	G	A	SS=1;CTG=GL000016.2;CTGPOS8525440;CB=q21.3;DBSNP=rs3762300	ENCODE=CELF3:protein_coding:intronic,non-coding intronic,5upstream,non-coding:.:.:.:.:.:.		CADD=G/A:0.191746:3.955	CONSEQ=5upstream(ENSG00000178796:ENST00000326413:.:.:.:.:.),3downstream(ENSG00000227045:ENST00000457548:.:.:.:.:.),5upstream(ENSG00000159409:ENST00000419910:.:.:.:.:.),non-coding(ENSG00000159409:ENST00000470688:.:299:.:.:.),intronic(ENSG00000159409:ENST00000290583:236:.:.:.:.),intronic(ENSG00000159409:ENST00000290585:236:.:.:.:.),intronic(ENSG00000159409:ENST00000420342:236:.:.:.:.),non-coding intronic(ENSG00000159409:ENST00000478829:236:.:.:.:.),non-coding intronic(ENSG00000159409:ENST00000479893:236:.:.:.:.)
chr1:156652083:T/G:1	1	156652083	T	G	SS=1;CTG=GL000016.2;CTGPOS13467496;CB=q23.1;DBSNP=.	ENCODE=AL590666.2:antisense:non-coding intronic:.:.:.:.:.:.;BCAN:protein_coding:3downstream,intronic:.:.:.:.:.:.		CADD=T/G:0.115478:2.978	CONSEQ=non-coding intronic(ENSG00000229953:ENST00000448869:4929:.:.:.:.),3downstream(ENSG00000132692:ENST00000491823:.:.:.:.:.),intronic(ENSG00000132692:ENST00000329117:165:.:.:.:.),intronic(ENSG00000132692:ENST00000361588:165:.:.:.:.),intronic(ENSG00000132692:ENST00000479949:165:.:.:.:.)
chr1:159366259:G/A:1	1	159366259	G	A	SS=1;CTG=GL000016.2;CTGPOS16181672;CB=q23.2;DBSNP=rs550471903	ENCODE=AL513323.1:antisense:non-coding intronic:.:.:.:.:.:.;OR10J8P:unprocessed_pseudogene:non-coding:.:.:.:.:.:.		CADD=G/A:-0.112730:0.931	CONSEQ=non-coding intronic(ENSG00000228560:ENST00000431862:1750:.:.:.:.),non-coding(ENSG00000251686:ENST00000504659:.:99:.:.:.)
chr1:178470804:T/C:1	1	178470804	T	C	SS=1;CTG=GL000016.2;CTGPOS35286217;CB=q25.2;DBSNP=rs997389532	ENCODE=RASAL2:protein_coding:intronic:.:.:.:.:.:.		CADD=T/C:2.507453:21.900	CONSEQ=intronic(ENSG00000075391:ENST00000367649:2271:.:.:.:.),intronic(ENSG00000075391:ENST00000462775:2271:.:.:.:.),intronic(ENSG00000075391:ENST00000433130:81:.:.:.:.)
chr10:70777513:A/C:1	10	70777513	A	C	SS=1;CTG=GL000099.2;CTGPOS29083992;CB=q22.1;DBSNP=rs2254442	ENCODE=TBATA:protein_coding:intronic:.:.:.:.:.:.		CADD=A/C:0.052712:2.264	CONSEQ=intronic(ENSG00000166220:ENST00000299290:178:.:.:.:.),intronic(ENSG00000166220:ENST00000456372:175:.:.:.:.)
chr10:80425709:C/G:1	10	80425709	C	G	SS=1;CTG=GL000099.2;CTGPOS38732188;CB=q23.1;DBSNP=.	ENCODE=PRXL2A:protein_coding:intronic:.:.:.:.:.:.		CADD=C/G:0.014866:1.888	CONSEQ=intronic(ENSG00000122378:ENST00000372181:157:.:.:.:.),intronic(ENSG00000122378:ENST00000372185:157:.:.:.:.),intronic(ENSG00000122378:ENST00000372187:157:.:.:.:.),intronic(ENSG00000122378:ENST00000372188:157:.:.:.:.),intronic(ENSG00000122378:ENST00000606162:157:.:.:.:.),intronic(ENSG00000122378:ENST00000615554:157:.:.:.:.)
chr10:88947447:C/A:1	10	88947447	C	A	SS=1;CTG=GL000099.2;CTGPOS47253926;CB=q23.31;DBSNP=rs879128162	ENCODE=ACTA2:protein_coding:non-coding intronic,intronic,3downstream:.:.:.:.:.:.;STAMBPL1:protein_coding:intronic:.:.:.:.:.:.		CADD=C/A:0.051307:2.249	CONSEQ=intronic(ENSG00000138134:ENST00000371927:25011:.:.:.:.),3downstream(ENSG00000107796:ENST00000482085:.:.:.:.:.),intronic(ENSG00000107796:ENST00000224784:61:.:.:.:.),intronic(ENSG00000107796:ENST00000415557:61:.:.:.:.),intronic(ENSG00000107796:ENST00000458159:61:.:.:.:.),non-coding intronic(ENSG00000107796:ENST00000480297:61:.:.:.:.),non-coding intronic(ENSG00000107796:ENST00000488967:61:.:.:.:.)
chr10:96227700:G/C:1	10	96227700	G	C	SS=1;CTG=GL000099.2;CTGPOS54534179;CB=q24.1;DBSNP=.	ENCODE=BLNK:protein_coding:5upstream,intronic:.:.:.:.:.:.		CADD=G/C:0.363873:6.006	CONSEQ=5upstream(ENSG00000095585:ENST00000472763:.:.:.:.:.),intronic(ENSG00000095585:ENST00000224337:134:.:.:.:.),intronic(ENSG00000095585:ENST00000371176:134:.:.:.:.),intronic(ENSG00000095585:ENST00000413476:134:.:.:.:.),intronic(ENSG00000095585:ENST00000427367:134:.:.:.:.),intronic(ENSG00000095585:ENST00000467799:134:.:.:.:.)
chr11:17721453:C/G:1	11	17721453	C	G	SS=1;CTG=GL000101.2;CTGPOS17661453;CB=p15.1;DBSNP=.	ENCODE=MYOD1:protein_coding:coding nonsyn:.:.:.:.:.:.	SIFT=Tolerated(ENST00000250003:MYOD1:C/G:A303G:0.232)		CONSEQ=coding(ENSG00000129152:ENST00000250003:.:1123:908:nonsyn:A303G)
chr11:22341861:T/C:1	11	22341861	T	C	SS=1;CTG=GL000101.2;CTGPOS22281861;CB=p14.3;DBSNP=rs879093038	ENCODE=SLC17A6:protein_coding:5upstream,intronic:.:.:.:.:.:.		CADD=T/C:0.567452:7.920	CONSEQ=5upstream(ENSG00000091664:ENST00000534115:.:.:.:.:.),intronic(ENSG00000091664:ENST00000263160:81:.:.:.:.)
chr11:34471141:A/C:1	11	34471141	A	C	SS=1;CTG=GL000101.2;CTGPOS34411141;CB=p13;DBSNP=rs1206711527	ENCODE=CAT:protein_coding:non-coding intronic,intronic:.:.:.:.:.:.		CADD=A/C:0.654397:8.648	CONSEQ=intronic(ENSG00000121691:ENST00000241052:100:.:.:.:.),non-coding intronic(ENSG00000121691:ENST00000534710:100:.:.:.:.),intronic(ENSG00000121691:ENST00000648322:100:.:.:.:.)
chr11:50090417:T/G:1	11	50090417	T	G	SS=1;CTG=GL000101.2;CTGPOS50030417;CB=p11.12;DBSNP=rs28544182	ENCODE=.:.:.:OR4C49P:unprocessed_pseudogene:36108:GTF2IP11:unprocessed_pseudogene:10475		CADD=T/G:0.144982:3.348	
chr11:54725439:G/T:1	11	54725439	G	T	SS=1;CTG=GL000103.2;CTGPOS200365;CB=q11;DBSNP=.	ENCODE=OR4A6P:unprocessed_pseudogene:non-coding:.:.:.:.:.:.		CADD=G/T:0.005809:1.804	CONSEQ=non-coding(ENSG00000255078:ENST00000534364:.:593:.:.:.)
chr11:61743387:T/A:1	11	61743387	T	A	SS=1;CTG=GL000103.2;CTGPOS7218313;CB=q12.2;DBSNP=rs1016089086	ENCODE=DAGLA:protein_coding:intronic:.:.:.:.:.:.		CADD=T/A:-0.124822:0.866	CONSEQ=intronic(ENSG00000134780:ENST00000257215:145:.:.:.:.),intronic(ENSG00000134780:ENST00000540717:145:.:.:.:.)
chr11:62795754:C/G:1	11	62795754	C	G	SS=1;CTG=GL000103.2;CTGPOS8270680;CB=q12.3;DBSNP=rs1006318042	ENCODE=NXF1:protein_coding:non-coding intronic,3downstream,5upstream,intronic:.:.:.:.:.:.		CADD=C/G:0.167552:3.640	CONSEQ=3downstream(ENSG00000162231:ENST00000531872:.:.:.:.:.),3downstream(ENSG00000162231:ENST00000531579:.:.:.:.:.),5upstream(ENSG00000162231:ENST00000527497:.:.:.:.:.),intronic(ENSG00000162231:ENST00000294172:147:.:.:.:.),intronic(ENSG00000162231:ENST00000527902:147:.:.:.:.),intronic(ENSG00000162231:ENST00000530875:147:.:.:.:.),intronic(ENSG00000162231:ENST00000531709:147:.:.:.:.),intronic(ENSG00000162231:ENST00000532297:147:.:.:.:.),non-coding intronic(ENSG00000162231:ENST00000533048:147:.:.:.:.),non-coding intronic(ENSG00000162231:ENST00000533440:147:.:.:.:.),5upstream(ENSG00000162231:ENST00000533499:.:.:.:.:.)
chr11:88408587:A/G:1	11	88408587	A	G	SS=1;CTG=GL000104.2;CTGPOS405691;CB=q14.2;DBSNP=.	ENCODE=GAPDHP70:processed_pseudogene:non-coding:.:.:.:.:.:.		CADD=A/G:0.858605:10.520	CONSEQ=non-coding(ENSG00000249489:ENST00000515281:.:637:.:.:.)
chr11:132146101:C/T:1	11	132146101	C	T	SS=1;CTG=GL000104.2;CTGPOS44143205;CB=q25;DBSNP=rs10894512	ENCODE=NTM:protein_coding:5upstream,intronic,non-coding intronic:.:.:.:.:.:.		CADD=C/T:0.268996:4.932	CONSEQ=intronic(ENSG00000182667:ENST00000374784:181:.:.:.:.),intronic(ENSG00000182667:ENST00000374786:181:.:.:.:.),intronic(ENSG00000182667:ENST00000374791:181:.:.:.:.),intronic(ENSG00000182667:ENST00000425719:181:.:.:.:.),non-coding intronic(ENSG00000182667:ENST00000479431:181:.:.:.:.),intronic(ENSG00000182667:ENST00000550167:181:.:.:.:.),non-coding intronic(ENSG00000182667:ENST00000498764:65921:.:.:.:.),non-coding intronic(ENSG00000182667:ENST00000467255:181:.:.:.:.),5upstream(ENSG00000182667:ENST00000427481:.:.:.:.:.),5upstream(ENSG00000182667:ENST00000539799:.:.:.:.:.)
chr11:133140763:C/A:1	11	133140763	C	A	SS=1;CTG=GL000104.2;CTGPOS45137867;CB=q25;DBSNP=rs145112566	ENCODE=OPCML:protein_coding:non-coding intronic,intronic:.:.:.:.:.:.		CADD=C/A:0.196119:4.012	CONSEQ=non-coding intronic(ENSG00000183715:ENST00000529038:391501:.:.:.:.),intronic(ENSG00000183715:ENST00000524381:197753:.:.:.:.)
chr12:7190218:T/G:1	12	7190218	T	G	SS=1;CTG=GL000106.2;CTGPOS105568;CB=p13.31;DBSNP=.	ENCODE=PEX5:protein_coding:5utr,5upstream,intronic,intronic (splice_site),non-coding intronic (splice_site),non-coding intronic:.:.:.:.:.:.		CADD=T/G:1.442477:15.360	CONSEQ=5upstream(ENSG00000139197:ENST00000266564:.:.:.:.:.),5upstream(ENSG00000139197:ENST00000537873:.:.:.:.:.),5upstream(ENSG00000139197:ENST00000545845:.:.:.:.:.),intronic(ENSG00000139197:ENST00000542539:144:.:.:.:.),intronic(ENSG00000139197:ENST00000536883:670:.:.:.:.),5upstream(ENSG00000255572:ENST00000545794:.:.:.:.:.),5upstream(ENSG00000255572:ENST00000543061:.:.:.:.:.),5upstream(ENSG00000139197:ENST00000539304:.:.:.:.:.),intronic(ENSG00000139197:ENST00000540398:144:.:.:.:.),intronic(ENSG00000139197:ENST00000543974:267:.:.:.:.),intronic(ENSG00000139197:ENST00000266563:144:.:.:.:.),intronic(ENSG00000139197:ENST00000434354:144:.:.:.:.),intronic(ENSG00000139197:ENST00000545574:144:.:.:.:.),non-coding intronic(ENSG00000139197:ENST00000545220:468:.:.:.:.),intronic(ENSG00000139197:ENST00000412720:144:.:.:.:.),5utr(ENSG00000139197:ENST00000536841:.:66:.:.:.),intronic (splice_site)(ENSG00000139197:ENST00000396637:2:.:.:.:.),intronic (splice_site)(ENSG00000139197:ENST00000420616:2:.:.:.:.),intronic (splice_site)(ENSG00000139197:ENST00000455147:2:.:.:.:.),non-coding intronic (splice_site)(ENSG00000139197:ENST00000535486:2:.:.:.:.),intronic (splice_site)(ENSG00000139197:ENST00000544456:2:.:.:.:.)
chr12:49557449:T/C:1	12	49557449	T	C	SS=1;CTG=GL000107.2;CTGPOS12322197;CB=q13.12;DBSNP=rs2241418	ENCODE=KCNH3:protein_coding:coding syn,3utr,non-coding:.:.:.:.:.:.;MCRS1:protein_coding:intronic,3downstream:.:.:.:.:.:.		CADD=T/C:0.302030:5.323	CONSEQ=3downstream(ENSG00000187778:ENST00000546244:.:.:.:.:.),3downstream(ENSG00000187778:ENST00000548602:.:.:.:.:.),3downstream(ENSG00000187778:ENST00000551625:.:.:.:.:.),3downstream(ENSG00000187778:ENST00000343810:.:.:.:.:.),3downstream(ENSG00000187778:ENST00000550165:.:.:.:.:.),3downstream(ENSG00000187778:ENST00000552596:.:.:.:.:.),3downstream(ENSG00000187778:ENST00000548646:.:.:.:.:.),3downstream(ENSG00000187778:ENST00000547182:.:.:.:.:.),3downstream(ENSG00000187778:ENST00000357123:.:.:.:.:.),intronic(ENSG00000187778:ENST00000551598:699:.:.:.:.),3downstream(ENSG00000187778:ENST00000549000:.:.:.:.:.),non-coding(ENSG00000135519:ENST00000548675:.:478:.:.:.),coding(ENSG00000135519:ENST00000257981:.:3008:2748:syn:G916G),3utr(ENSG00000135519:ENST00000649994:.:3083:.:.:.)
chr12:49558885:G/A:1	12	49558885	G	A	SS=1;CTG=GL000107.2;CTGPOS12323633;CB=q13.12;DBSNP=rs2303305	ENCODE=MCRS1:protein_coding:3utr,coding syn,3downstream,non-coding:.:.:.:.:.:.		CADD=G/A:1.429719:15.290	CONSEQ=3downstream(ENSG00000187778:ENST00000549000:.:.:.:.:.),3downstream(ENSG00000135519:ENST00000548675:.:.:.:.:.),3downstream(ENSG00000187778:ENST00000553173:.:.:.:.:.),3downstream(ENSG00000135519:ENST00000649994:.:.:.:.:.),3downstream(ENSG00000135519:ENST00000257981:.:.:.:.:.),coding(ENSG00000187778:ENST00000343810:.:1476:1260:syn:L420L),coding(ENSG00000187778:ENST00000357123:.:1299:1299:syn:L433L),coding(ENSG00000187778:ENST00000546244:.:1209:687:syn:L229L),non-coding(ENSG00000187778:ENST00000547182:.:525:.:.:.),3utr(ENSG00000187778:ENST00000548602:.:1195:.:.:.),3utr(ENSG00000187778:ENST00000548646:.:340:.:.:.),coding(ENSG00000187778:ENST00000550165:.:1527:1260:syn:L420L),coding(ENSG00000187778:ENST00000551598:.:387:387:syn:L129L),non-coding(ENSG00000187778:ENST00000551625:.:1980:.:.:.),non-coding(ENSG00000187778:ENST00000552596:.:376:.:.:.)
chr12:57102572:A/C:1	12	57102572	A	C	SS=1;CTG=GL000107.2;CTGPOS19867320;CB=q13.3;DBSNP=.	ENCODE=STAT6:protein_coding:5upstream,3downstream,intronic:.:.:.:.:.:.		CADD=A/C:0.245501:4.643	CONSEQ=3downstream(ENSG00000166888:ENST00000557781:.:.:.:.:.),3downstream(ENSG00000166888:ENST00000555641:.:.:.:.:.),5upstream(ENSG00000166888:ENST00000555222:.:.:.:.:.),intronic(ENSG00000166888:ENST00000300134:76:.:.:.:.),intronic(ENSG00000166888:ENST00000454075:76:.:.:.:.),intronic(ENSG00000166888:ENST00000537215:76:.:.:.:.),intronic(ENSG00000166888:ENST00000538913:76:.:.:.:.),intronic(ENSG00000166888:ENST00000543873:76:.:.:.:.),intronic(ENSG00000166888:ENST00000553533:76:.:.:.:.),intronic(ENSG00000166888:ENST00000554764:76:.:.:.:.),intronic(ENSG00000166888:ENST00000555375:76:.:.:.:.),intronic(ENSG00000166888:ENST00000556155:76:.:.:.:.),intronic(ENSG00000166888:ENST00000640254:76:.:.:.:.)
chr12:71578101:A/C:1	12	71578101	A	C	SS=1;CTG=GL000107.2;CTGPOS34342849;CB=q21.1;DBSNP=.	ENCODE=LGR5:protein_coding:non-coding intronic,intronic:.:.:.:.:.:.		CADD=A/C:0.105090:2.853	CONSEQ=intronic(ENSG00000139292:ENST00000266674:105:.:.:.:.),intronic(ENSG00000139292:ENST00000536515:105:.:.:.:.),intronic(ENSG00000139292:ENST00000540815:105:.:.:.:.),non-coding intronic(ENSG00000139292:ENST00000547310:105:.:.:.:.),non-coding intronic(ENSG00000139292:ENST00000550851:105:.:.:.:.)
chr12:113277113:G/C:1	12	113277113	G	C	SS=1;CTG=GL000107.2;CTGPOS76041861;CB=q24.13;DBSNP=.	ENCODE=TPCN1:protein_coding:non-coding intronic,5upstream,intronic:.:.:.:.:.:.		CADD=G/C:0.103280:2.831	CONSEQ=5upstream(ENSG00000186815:ENST00000546503:.:.:.:.:.),intronic(ENSG00000186815:ENST00000335509:78:.:.:.:.),intronic(ENSG00000186815:ENST00000392569:78:.:.:.:.),non-coding intronic(ENSG00000186815:ENST00000428632:78:.:.:.:.),intronic(ENSG00000186815:ENST00000541517:78:.:.:.:.),intronic(ENSG00000186815:ENST00000546781:78:.:.:.:.),intronic(ENSG00000186815:ENST00000550785:78:.:.:.:.),non-coding intronic(ENSG00000186815:ENST00000551127:78:.:.:.:.),non-coding intronic(ENSG00000186815:ENST00000552077:78:.:.:.:.)
chr12:117174552:T/C:1	12	117174552	T	C	SS=1;CTG=GL000107.2;CTGPOS79939300;CB=q24.22;DBSNP=rs3817015	ENCODE=FBXO21:protein_coding:non-coding intronic,intronic:.:.:.:.:.:.		CADD=T/C:0.320416:5.532	CONSEQ=intronic(ENSG00000135108:ENST00000330622:99:.:.:.:.),intronic(ENSG00000135108:ENST00000427718:99:.:.:.:.),intronic(ENSG00000135108:ENST00000550180:99:.:.:.:.),intronic(ENSG00000135108:ENST00000622495:99:.:.:.:.),non-coding intronic(ENSG00000135108:ENST00000549689:103:.:.:.:.)
chr13:78601815:G/T:1	13	78601815	G	T	SS=1;CTG=GL000111.2;CTGPOS60193709;CB=q31.1;DBSNP=.	ENCODE=POU4F1:protein_coding:coding nonsyn:.:.:.:.:.:.;RNF219-AS1:antisense:non-coding intronic:.:.:.:.:.:.	SIFT=Deleterious(ENST00000377208:POU4F1:G/T:A287D:0.043)		CONSEQ=non-coding intronic(ENSG00000234377:ENST00000560209:3486:.:.:.:.),non-coding intronic(ENSG00000234377:ENST00000606124:3486:.:.:.:.),non-coding intronic(ENSG00000234377:ENST00000606429:3486:.:.:.:.),non-coding intronic(ENSG00000234377:ENST00000607860:3486:.:.:.:.),non-coding intronic(ENSG00000234377:ENST00000606376:3486:.:.:.:.),non-coding intronic(ENSG00000234377:ENST00000607220:3486:.:.:.:.),non-coding intronic(ENSG00000234377:ENST00000430549:3486:.:.:.:.),non-coding intronic(ENSG00000234377:ENST00000444769:3486:.:.:.:.),non-coding intronic(ENSG00000234377:ENST00000560584:3486:.:.:.:.),non-coding intronic(ENSG00000234377:ENST00000607205:3486:.:.:.:.),coding(ENSG00000152192:ENST00000377208:.:1094:860:nonsyn:A287D)
chr13:87893299:C/G:1	13	87893299	C	G	SS=1;CTG=GL000112.2;CTGPOS1640320;CB=q31.2;DBSNP=.	ENCODE=.:.:.:TET1P1:processed_pseudogene:827:AL354896.1:lincRNA:249568		CADD=C/G:0.383591:6.212	CONSEQ=5upstream(ENSG00000232204:ENST00000426627:.:.:.:.:.)
chr13:100539852:A/T:1	13	100539852	A	T	SS=1;CTG=GL000112.2;CTGPOS14286873;CB=q32.3;DBSNP=rs1012077693	ENCODE=AL356966.1:sense_intronic:non-coding intronic,5upstream:.:.:.:.:.:.;GGACT:protein_coding:intronic:.:.:.:.:.:.		CADD=A/T:0.270518:4.950	CONSEQ=intronic(ENSG00000134864:ENST00000471912:7251:.:.:.:.),intronic(ENSG00000134864:ENST00000492399:7251:.:.:.:.),intronic(ENSG00000134864:ENST00000376250:6078:.:.:.:.),3downstream(ENSG00000234354:ENST00000427219:.:.:.:.:.),non-coding intronic(ENSG00000224356:ENST00000454752:1844:.:.:.:.),non-coding intronic(ENSG00000224356:ENST00000629479:1966:.:.:.:.),3downstream(ENSG00000280169:ENST00000624456:.:.:.:.:.),5upstream(ENSG00000224356:ENST00000608779:.:.:.:.:.)
chr13:110990134:C/A:1	13	110990134	C	A	SS=1;CTG=GL000112.2;CTGPOS24737155;CB=q34;DBSNP=rs188686399	ENCODE=LINC00431:transcribed_unprocessed_pseudogene:non-coding:.:.:.:.:.:.		CADD=C/A:0.770087:9.641	CONSEQ=non-coding(ENSG00000225760:ENST00000636375:.:155:.:.:.),non-coding(ENSG00000225760:ENST00000440735:.:744:.:.:.)
chr13:113046521:T/G:1	13	113046521	T	G	SS=1;CTG=GL000113.2;CTGPOS1203080;CB=q34;DBSNP=.	ENCODE=MCF2L:protein_coding:non-coding intronic,non-coding,3downstream,intronic:.:.:.:.:.:.		CADD=T/G:0.111508:2.930	CONSEQ=non-coding(ENSG00000126217:ENST00000480321:.:4907:.:.:.),3downstream(ENSG00000126217:ENST00000469558:.:.:.:.:.),intronic(ENSG00000126217:ENST00000397021:77:.:.:.:.),intronic(ENSG00000126217:ENST00000473345:1160:.:.:.:.),non-coding intronic(ENSG00000126217:ENST00000494043:1160:.:.:.:.),intronic(ENSG00000126217:ENST00000375597:1160:.:.:.:.),intronic(ENSG00000126217:ENST00000375604:1160:.:.:.:.),intronic(ENSG00000126217:ENST00000375608:1160:.:.:.:.),intronic(ENSG00000126217:ENST00000397030:1160:.:.:.:.),intronic(ENSG00000126217:ENST00000409954:1160:.:.:.:.),intronic(ENSG00000126217:ENST00000421756:1160:.:.:.:.),intronic(ENSG00000126217:ENST00000423251:1160:.:.:.:.),intronic(ENSG00000126217:ENST00000535094:1160:.:.:.:.)
chr14:58285579:G/T:1	14	58285579	G	T	SS=1;CTG=GL000116.2;CTGPOS40062056;CB=q23.1;DBSNP=.	ENCODE=ARMH4:protein_coding:non-coding intronic:.:.:.:.:.:.;PSMA3-AS1:antisense:3downstream,non-coding intronic:.:.:.:.:.:.		CADD=G/T:-0.079318:1.134	CONSEQ=non-coding intronic(ENSG00000139971:ENST00000554218:6056:.:.:.:.),non-coding intronic(ENSG00000257621:ENST00000554360:12:.:.:.:.),non-coding intronic(ENSG00000257621:ENST00000554378:12:.:.:.:.),non-coding intronic(ENSG00000257621:ENST00000556002:6056:.:.:.:.),non-coding intronic(ENSG00000257621:ENST00000556400:6056:.:.:.:.),non-coding intronic(ENSG00000257621:ENST00000557660:6056:.:.:.:.),non-coding intronic(ENSG00000257621:ENST00000553657:6056:.:.:.:.),non-coding intronic(ENSG00000257621:ENST00000555275:6056:.:.:.:.),non-coding intronic(ENSG00000257621:ENST00000555707:6056:.:.:.:.),3downstream(ENSG00000257621:ENST00000557412:.:.:.:.:.),3downstream(ENSG00000257621:ENST00000551597:.:.:.:.:.),3downstream(ENSG00000257621:ENST00000555037:.:.:.:.:.),3downstream(ENSG00000180189:ENST00000557424:.:.:.:.:.)
chr14:74407837:A/G:1	14	74407837	A	G	SS=1;CTG=GL000116.2;CTGPOS56184314;CB=q24.3;DBSNP=rs11621669	ENCODE=SYNDIG1L:protein_coding:3downstream,intronic:.:.:.:.:.:.		CADD=A/G:0.754436:9.496	CONSEQ=3downstream(ENSG00000183379:ENST00000554953:.:.:.:.:.),intronic(ENSG00000183379:ENST00000331628:12:.:.:.:.),intronic(ENSG00000183379:ENST00000554823:12:.:.:.:.)
chr14:89966308:A/G:1	14	89966308	A	G	SS=1;CTG=GL000116.2;CTGPOS71742785;CB=q32.11;DBSNP=rs34705515	ENCODE=TDP1:protein_coding:non-coding intronic,intronic:.:.:.:.:.:.		CADD=A/G:0.149609:3.408	CONSEQ=intronic(ENSG00000042088:ENST00000335725:118:.:.:.:.),intronic(ENSG00000042088:ENST00000393452:118:.:.:.:.),intronic(ENSG00000042088:ENST00000393454:118:.:.:.:.),intronic(ENSG00000042088:ENST00000545686:118:.:.:.:.),intronic(ENSG00000042088:ENST00000553617:118:.:.:.:.),intronic(ENSG00000042088:ENST00000554180:118:.:.:.:.),intronic(ENSG00000042088:ENST00000554976:118:.:.:.:.),intronic(ENSG00000042088:ENST00000555178:118:.:.:.:.),non-coding intronic(ENSG00000042088:ENST00000555565:118:.:.:.:.),intronic(ENSG00000042088:ENST00000555880:118:.:.:.:.)
chr14:104588241:T/G:1	14	104588241	T	G	SS=1;CTG=GL000116.2;CTGPOS86364718;CB=q32.33;DBSNP=rs780506543	ENCODE=C14orf180:protein_coding:intronic:.:.:.:.:.:.;TMEM179:protein_coding:intronic:.:.:.:.:.:.		CADD=T/G:-0.417810:0.104	CONSEQ=intronic(ENSG00000258986:ENST00000415614:6924:.:.:.:.),3downstream(ENSG00000259037:ENST00000556073:.:.:.:.:.),intronic(ENSG00000184601:ENST00000331952:33:.:.:.:.),intronic(ENSG00000184601:ENST00000410013:33:.:.:.:.),intronic(ENSG00000184601:ENST00000557649:33:.:.:.:.)
chr14:104945672:A/G:1	14	104945672	A	G	SS=1;CTG=GL000116.2;CTGPOS86722149;CB=q32.33;DBSNP=rs28714612	ENCODE=AHNAK2:protein_coding:non-coding,coding nonsyn,intronic:.:.:.:.:.:.	SIFT=Tolerated(ENST00000333244:AHNAK2:A/G:M3260T:0.166)		CONSEQ=non-coding(ENSG00000185567:ENST00000555122:.:9907:.:.:.),coding(ENSG00000185567:ENST00000333244:.:9899:9779:nonsyn:M3260T),intronic(ENSG00000185567:ENST00000557457:4694:.:.:.:.)
chr15:33432668:T/G:1	15	33432668	T	G	SS=1;CTG=GL000121.2;CTGPOS10155794;CB=q14;DBSNP=rs2944599	ENCODE=RYR3:protein_coding:intronic:.:.:.:.:.:.		CADD=T/G:0.302303:5.326	CONSEQ=intronic(ENSG00000198838:ENST00000389232:40751:.:.:.:.),intronic(ENSG00000198838:ENST00000415757:40751:.:.:.:.),intronic(ENSG00000198838:ENST00000622037:40751:.:.:.:.),intronic(ENSG00000198838:ENST00000634418:40751:.:.:.:.),intronic(ENSG00000198838:ENST00000634891:40751:.:.:.:.),intronic(ENSG00000198838:ENST00000634750:70963:.:.:.:.)
chr15:70484795:T/C:1	15	70484795	T	C	SS=1;CTG=GL000121.2;CTGPOS47207921;CB=q23;DBSNP=rs4614675	ENCODE=.:.:.:AC048383.1:lincRNA:158053:LINC02205:lincRNA:19112		CADD=T/C:0.045350:2.188	
chr15:75206403:G/C:1	15	75206403	G	C	SS=1;CTG=GL000121.2;CTGPOS51929529;CB=q24.2;DBSNP=rs1873379	ENCODE=C15orf39:protein_coding:coding nonsyn,5upstream,3downstream:.:.:.:.:.:.	SIFT=Tolerated(ENST00000360639:C15orf39:G/C:A119P:0.060);Tolerated(ENST00000394987:C15orf39:G/C:A119P:0.060);Tolerated(ENST00000567617:C15orf39:G/C:A119P:0.100)		CONSEQ=coding(ENSG00000167173:ENST00000567617:.:355:355:nonsyn:A119P),3downstream(ENSG00000167173:ENST00000563905:.:.:.:.:.),3downstream(ENSG00000167173:ENST00000564848:.:.:.:.:.),3downstream(ENSG00000167173:ENST00000562637:.:.:.:.:.),5upstream(ENSG00000167173:ENST00000565074:.:.:.:.:.),coding(ENSG00000167173:ENST00000360639:.:675:355:nonsyn:A119P),coding(ENSG00000167173:ENST00000394987:.:588:355:nonsyn:A119P)
chr15:75675473:A/G:1	15	75675473	A	G	SS=1;CTG=GL000121.2;CTGPOS52398599;CB=q24.2;DBSNP=rs1127646	ENCODE=CSPG4:protein_coding:3utr:.:.:.:.:.:.		CADD=A/G:1.189290:13.780	CONSEQ=5upstream(ENSG00000260892:ENST00000569467:.:.:.:.:.),3utr(ENSG00000173546:ENST00000308508:.:7139:.:.:.)
chr15:76261301:A/T:1	15	76261301	A	T	SS=1;CTG=GL000121.2;CTGPOS52984427;CB=q24.2;DBSNP=rs74676484	ENCODE=ETFA:protein_coding:intronic,non-coding intronic:.:.:.:.:.:.;TYRO3P:processed_pseudogene:non-coding:.:.:.:.:.:.		CADD=A/T:0.187044:3.894	CONSEQ=intronic(ENSG00000140374:ENST00000267950:13111:.:.:.:.),intronic(ENSG00000140374:ENST00000433983:13111:.:.:.:.),intronic(ENSG00000140374:ENST00000557943:13111:.:.:.:.),non-coding intronic(ENSG00000140374:ENST00000559075:13111:.:.:.:.),intronic(ENSG00000140374:ENST00000559602:13111:.:.:.:.),intronic(ENSG00000140374:ENST00000559973:13111:.:.:.:.),intronic(ENSG00000140374:ENST00000560044:13111:.:.:.:.),intronic(ENSG00000140374:ENST00000560595:13111:.:.:.:.),intronic(ENSG00000140374:ENST00000560726:13111:.:.:.:.),intronic(ENSG00000140374:ENST00000560899:13111:.:.:.:.),non-coding intronic(ENSG00000140374:ENST00000560816:13111:.:.:.:.),non-coding(ENSG00000259581:ENST00000558165:.:390:.:.:.)
chr15:78886316:G/C:1	15	78886316	G	C	SS=1;CTG=GL000121.2;CTGPOS55609442;CB=q25.1;DBSNP=.	ENCODE=MORF4L1:protein_coding:non-coding intronic,non-coding,3downstream,intronic:.:.:.:.:.:.		CADD=G/C:-0.597722:0.024	CONSEQ=non-coding(ENSG00000185787:ENST00000557961:.:533:.:.:.),non-coding(ENSG00000185787:ENST00000558539:.:487:.:.:.),3downstream(ENSG00000185787:ENST00000559697:.:.:.:.:.),intronic(ENSG00000185787:ENST00000331268:89:.:.:.:.),intronic(ENSG00000185787:ENST00000379535:89:.:.:.:.),intronic(ENSG00000185787:ENST00000426013:89:.:.:.:.),intronic(ENSG00000185787:ENST00000558502:89:.:.:.:.),non-coding intronic(ENSG00000185787:ENST00000558522:89:.:.:.:.),intronic(ENSG00000185787:ENST00000558830:89:.:.:.:.),intronic(ENSG00000185787:ENST00000559158:89:.:.:.:.),intronic(ENSG00000185787:ENST00000559244:89:.:.:.:.),non-coding intronic(ENSG00000185787:ENST00000559258:89:.:.:.:.),intronic(ENSG00000185787:ENST00000559345:89:.:.:.:.),non-coding intronic(ENSG00000185787:ENST00000559619:89:.:.:.:.),intronic(ENSG00000185787:ENST00000559690:89:.:.:.:.),intronic(ENSG00000185787:ENST00000559751:89:.:.:.:.),intronic(ENSG00000185787:ENST00000559930:89:.:.:.:.),intronic(ENSG00000185787:ENST00000560422:89:.:.:.:.),non-coding intronic(ENSG00000185787:ENST00000561171:89:.:.:.:.),intronic(ENSG00000185787:ENST00000558746:89:.:.:.:.),non-coding intronic(ENSG00000185787:ENST00000558893:89:.:.:.:.)
chr15:90390695:A/G:1	15	90390695	A	G	SS=1;CTG=GL000121.2;CTGPOS67113821;CB=q26.1;DBSNP=rs1334857887	ENCODE=IQGAP1:protein_coding:intronic:.:.:.:.:.:.		CADD=A/G:1.553592:16.020	CONSEQ=intronic(ENSG00000140575:ENST00000268182:79:.:.:.:.),intronic(ENSG00000140575:ENST00000559809:79:.:.:.:.),intronic(ENSG00000140575:ENST00000560738:79:.:.:.:.),intronic(ENSG00000140575:ENST00000633485:79:.:.:.:.),intronic(ENSG00000140575:ENST00000560418:2299:.:.:.:.)
chr16:368429:A/G:1	16	368429	A	G	SS=1;CTG=GL000124.2;CTGPOS358429;CB=p13.3;DBSNP=rs11642334	ENCODE=MRPL28:protein_coding:non-coding intronic,intronic:.:.:.:.:.:.		CADD=A/G:0.337362:5.721	CONSEQ=intronic(ENSG00000086504:ENST00000429738:934:.:.:.:.),intronic(ENSG00000086504:ENST00000199706:15:.:.:.:.),intronic(ENSG00000086504:ENST00000389675:15:.:.:.:.),intronic(ENSG00000086504:ENST00000441883:15:.:.:.:.),intronic(ENSG00000086504:ENST00000447696:15:.:.:.:.),intronic(ENSG00000086504:ENST00000450882:15:.:.:.:.),non-coding intronic(ENSG00000086504:ENST00000461550:15:.:.:.:.),non-coding intronic(ENSG00000086504:ENST00000469744:15:.:.:.:.),non-coding intronic(ENSG00000086504:ENST00000481453:15:.:.:.:.),non-coding intronic(ENSG00000086504:ENST00000483764:15:.:.:.:.),intronic(ENSG00000086504:ENST00000648346:15:.:.:.:.)
chr16:28592021:A/G:1	16	28592021	A	G	SS=1;CTG=KI270524.1;CTGPOS10105535;CB=p11.2;DBSNP=rs710410	ENCODE=SULT1A2:protein_coding:3utr,3downstream:.:.:.:.:.:.		CADD=A/G:-0.341617:0.190	CONSEQ=3downstream(ENSG00000176476:ENST00000567564:.:.:.:.:.),3downstream(ENSG00000197165:ENST00000526384:.:.:.:.:.),3downstream(ENSG00000176476:ENST00000564023:.:.:.:.:.),3downstream(ENSG00000176476:ENST00000565945:.:.:.:.:.),3downstream(ENSG00000176476:ENST00000317058:.:.:.:.:.),3downstream(ENSG00000176476:ENST00000567447:.:.:.:.:.),3utr(ENSG00000197165:ENST00000335715:.:1012:.:.:.),3utr(ENSG00000197165:ENST00000533150:.:1913:.:.:.),3utr(ENSG00000197165:ENST00000534108:.:1462:.:.:.),3utr(ENSG00000197165:ENST00000395630:.:1246:.:.:.)
chr16:46394547:T/C:1	16	46394547	T	C	SS=1;CTG=GL000126.2;CTGPOS13865;CB=q11.2;DBSNP=rs7405309	ENCODE=.:.:.:PPP1R1AP2:processed_pseudogene:10482031:ANKRD26P1:transcribed_unprocessed_pseudogene:74794		CADD=T/C:1.615847:16.380	
chr16:55830823:C/A:1	16	55830823	C	A	SS=1;CTG=GL000126.2;CTGPOS9450141;CB=q12.2;DBSNP=rs4784573	ENCODE=CES1:protein_coding:non-coding intronic,intronic:.:.:.:.:.:.		CADD=C/A:-0.341831:0.190	CONSEQ=non-coding intronic(ENSG00000198848:ENST00000565403:2181:.:.:.:.),non-coding intronic(ENSG00000198848:ENST00000563005:2181:.:.:.:.),intronic(ENSG00000198848:ENST00000361503:1852:.:.:.:.),intronic(ENSG00000198848:ENST00000422046:1852:.:.:.:.),intronic(ENSG00000198848:ENST00000360526:1849:.:.:.:.)
chr16:84194069:T/G:1	16	84194069	T	G	SS=1;CTG=GL000126.2;CTGPOS37813387;CB=q24.1;DBSNP=.	ENCODE=AC009123.1:antisense:non-coding,3downstream:.:.:.:.:.:.;ADAD2:protein_coding:5upstream,non-coding,coding nonsyn,intronic:.:.:.:.:.:.	SIFT=Tolerated - Low Confidence(ENST00000268624:ADAD2:T/G:V161G:0.142)		CONSEQ=intronic(ENSG00000140955:ENST00000315906:373:.:.:.:.),intronic(ENSG00000140955:ENST00000567685:373:.:.:.:.),5upstream(ENSG00000140955:ENST00000569221:.:.:.:.:.),3downstream(ENSG00000250685:ENST00000561900:.:.:.:.:.),5upstream(ENSG00000140955:ENST00000564169:.:.:.:.:.),non-coding(ENSG00000250685:ENST00000536986:.:1178:.:.:.),non-coding(ENSG00000250685:ENST00000565643:.:1040:.:.:.),3downstream(ENSG00000250685:ENST00000569834:.:.:.:.:.),non-coding(ENSG00000140955:ENST00000566526:.:1094:.:.:.),non-coding(ENSG00000140955:ENST00000564430:.:346:.:.:.),coding(ENSG00000140955:ENST00000268624:.:575:482:nonsyn:V161G)
chr17:16818231:A/G:1	17	16818231	A	G	SS=1;CTG=GL000129.2;CTGPOS16329244;CB=p11.2;DBSNP=.	ENCODE=KRT16P6:transcribed_unprocessed_pseudogene:non-coding,3downstream:.:.:.:.:.:.		CADD=A/G:1.506222:15.740	CONSEQ=3downstream(ENSG00000272815:ENST00000602730:.:.:.:.:.),3downstream(ENSG00000226145:ENST00000583748:.:.:.:.:.),non-coding(ENSG00000226145:ENST00000417510:.:1625:.:.:.),non-coding(ENSG00000226145:ENST00000584481:.:476:.:.:.),non-coding(ENSG00000226145:ENST00000425692:.:1337:.:.:.)
chr17:26768661:T/C:1	17	26768661	T	C	SS=1;CTG=KI270536.1;CTGPOS152397;CB=q11.1;DBSNP=.	ENCODE=.:.:.:AC131274.3:processed_pseudogene:4061958:AC069061.1:processed_pseudogene:213033		CADD=T/C:0.824824:10.180	
chr17:30461111:A/T:1	17	30461111	A	T	SS=1;CTG=GL000132.2;CTGPOS3525131;CB=q11.2;DBSNP=.	ENCODE=CPD:protein_coding:non-coding intronic,intronic:.:.:.:.:.:.		CADD=A/T:0.054067:2.278	CONSEQ=intronic(ENSG00000108582:ENST00000584221:5136:.:.:.:.),intronic(ENSG00000108582:ENST00000579502:1285:.:.:.:.),intronic(ENSG00000108582:ENST00000225719:69:.:.:.:.),intronic(ENSG00000108582:ENST00000543464:69:.:.:.:.),non-coding intronic(ENSG00000108582:ENST00000584051:69:.:.:.:.)
chr17:36508006:G/C:1	17	36508006	G	C	SS=1;CTG=GL000132.2;CTGPOS9572026;CB=q12;DBSNP=.	ENCODE=MYO19:protein_coding:5upstream,non-coding,3downstream,intronic:.:.:.:.:.:.		CADD=G/C:0.364545:6.013	CONSEQ=5upstream(ENSG00000278259:ENST00000611794:.:.:.:.:.),3downstream(ENSG00000278259:ENST00000611063:.:.:.:.:.),5upstream(ENSG00000278259:ENST00000614416:.:.:.:.:.),5upstream(ENSG00000278259:ENST00000611125:.:.:.:.:.),non-coding(ENSG00000278259:ENST00000611622:.:1917:.:.:.),intronic(ENSG00000278259:ENST00000615902:82:.:.:.:.),intronic(ENSG00000278259:ENST00000610930:82:.:.:.:.),intronic(ENSG00000278259:ENST00000610992:82:.:.:.:.),intronic(ENSG00000278259:ENST00000612097:82:.:.:.:.),intronic(ENSG00000278259:ENST00000614623:82:.:.:.:.),intronic(ENSG00000278259:ENST00000621550:82:.:.:.:.)
chr17:44228848:A/G:1	17	44228848	A	G	SS=1;CTG=GL000132.2;CTGPOS17292868;CB=q21.31;DBSNP=.	ENCODE=SHC1P2:processed_pseudogene:non-coding:.:.:.:.:.:.		CADD=A/G:1.268057:14.300	CONSEQ=non-coding(ENSG00000267691:ENST00000589195:.:1381:.:.:.)
chr17:63895212:T/C:1	17	63895212	T	C	SS=1;CTG=GL000132.2;CTGPOS36959232;CB=q23.3;DBSNP=rs1286105718	ENCODE=CSH1:protein_coding:3downstream,non-coding,coding syn,coding nonsyn:.:.:.:.:.:.	SIFT=Tolerated(ENST00000316193:CSH1:T/C:E155G:0.110);Deleterious(ENST00000453363:CSH1:T/C:E60G:0.040);Tolerated(ENST00000610991:CSH1:T/C:E66G:0.100)		CONSEQ=3downstream(ENSG00000136488:ENST00000558661:.:.:.:.:.),non-coding(ENSG00000136488:ENST00000558284:.:1305:.:.:.),coding(ENSG00000136488:ENST00000316193:.:606:464:nonsyn:E155G),coding(ENSG00000136488:ENST00000453363:.:329:179:nonsyn:E60G),coding(ENSG00000136488:ENST00000610991:.:362:197:nonsyn:E66G),coding(ENSG00000136488:ENST00000329882:.:788:717:syn:G239G)
chr18:26039196:G/A:1	18	26039196	G	A	SS=1;CTG=GL000135.2;CTGPOS5127990;CB=q11.2;DBSNP=rs946985301	ENCODE=SS18:protein_coding:intronic,3downstream:.:.:.:.:.:.		CADD=G/A:-0.577239:0.028	CONSEQ=intronic(ENSG00000141380:ENST00000539244:93:.:.:.:.),intronic(ENSG00000141380:ENST00000542420:93:.:.:.:.),intronic(ENSG00000141380:ENST00000579640:93:.:.:.:.),intronic(ENSG00000141380:ENST00000585121:93:.:.:.:.),3downstream(ENSG00000141380:ENST00000585241:.:.:.:.:.),intronic(ENSG00000141380:ENST00000269137:93:.:.:.:.),intronic(ENSG00000141380:ENST00000269138:93:.:.:.:.),intronic(ENSG00000141380:ENST00000415083:93:.:.:.:.)
chr18:61844221:A/G:1	18	61844221	A	G	SS=1;CTG=GL000135.2;CTGPOS40933015;CB=q21.33;DBSNP=rs113631631	ENCODE=RNF152:protein_coding:intronic:.:.:.:.:.:.		CADD=A/G:-0.103072:0.987	CONSEQ=intronic(ENSG00000176641:ENST00000312828:27623:.:.:.:.),intronic(ENSG00000176641:ENST00000591306:27623:.:.:.:.)
chr19:2852284:A/C:1	19	2852284	A	C	SS=1;CTG=GL000139.2;CTGPOS2792284;CB=p13.3;DBSNP=rs114038548	ENCODE=AC006130.1:antisense:non-coding intronic:.:.:.:.:.:.;ZNF555:protein_coding:intronic:.:.:.:.:.:.		CADD=A/C:0.176122:3.752	CONSEQ=non-coding intronic(ENSG00000267063:ENST00000589365:4900:.:.:.:.),intronic(ENSG00000186300:ENST00000334241:96:.:.:.:.),intronic(ENSG00000186300:ENST00000585966:96:.:.:.:.),intronic(ENSG00000186300:ENST00000591539:99:.:.:.:.)
chr19:7699499:C/T:1	19	7699499	C	T	SS=1;CTG=GL000139.2;CTGPOS7639499;CB=p13.2;DBSNP=rs987927103	ENCODE=FCER2:protein_coding:non-coding intronic,5upstream,intronic:.:.:.:.:.:.		CADD=C/T:0.183181:3.844	CONSEQ=intronic(ENSG00000104921:ENST00000346664:240:.:.:.:.),intronic(ENSG00000104921:ENST00000593418:240:.:.:.:.),non-coding intronic(ENSG00000104921:ENST00000597312:240:.:.:.:.),intronic(ENSG00000104921:ENST00000597921:240:.:.:.:.),non-coding intronic(ENSG00000104921:ENST00000597934:240:.:.:.:.),non-coding intronic(ENSG00000104921:ENST00000598803:240:.:.:.:.),5upstream(ENSG00000104921:ENST00000360067:.:.:.:.:.)
chr19:9305000:G/T:1	19	9305000	G	T	SS=1;CTG=GL000139.2;CTGPOS9245000;CB=p13.2;DBSNP=rs910044239	ENCODE=ZNF699:protein_coding:non-coding intronic,intronic:.:.:.:.:.:.		CADD=G/T:0.000983:1.760	CONSEQ=intronic(ENSG00000196110:ENST00000308650:72:.:.:.:.),intronic(ENSG00000196110:ENST00000591998:72:.:.:.:.),non-coding intronic(ENSG00000196110:ENST00000588336:2496:.:.:.:.)
chr19:14070405:C/A:1	19	14070405	C	A	SS=1;CTG=GL000139.2;CTGPOS14010405;CB=p13.12;DBSNP=rs879017989	ENCODE=EEF1DP1:processed_pseudogene:non-coding:.:.:.:.:.:.		CADD=C/A:1.619489:16.400	CONSEQ=non-coding(ENSG00000228887:ENST00000585891:.:64:.:.:.)
chr19:16902781:T/C:1	19	16902781	T	C	SS=1;CTG=GL000139.2;CTGPOS16842781;CB=p13.11;DBSNP=.	ENCODE=CPAMD8:protein_coding:coding nonsyn,3utr:.:.:.:.:.:.	SIFT=Tolerated - Low Confidence(ENST00000443236:CPAMD8:T/C:Q1565R:0.323)		CONSEQ=3utr(ENSG00000160111:ENST00000388925:.:4094:.:.:.),coding(ENSG00000160111:ENST00000443236:.:4726:4694:nonsyn:Q1565R),coding(ENSG00000160111:ENST00000594249:.:121:122:nonsyn:Q41R)
chr19:17774499:G/A:1	19	17774499	G	A	SS=1;CTG=GL000139.2;CTGPOS17714499;CB=p13.11;DBSNP=rs2287858	ENCODE=FCHO1:protein_coding:5upstream,non-coding,3downstream,intronic:.:.:.:.:.:.		CADD=G/A:0.058776:2.328	CONSEQ=3downstream(ENSG00000130475:ENST00000596507:.:.:.:.:.),5upstream(ENSG00000130475:ENST00000596522:.:.:.:.:.),3downstream(ENSG00000130475:ENST00000595549:.:.:.:.:.),5upstream(ENSG00000130475:ENST00000599766:.:.:.:.:.),3downstream(ENSG00000130475:ENST00000595023:.:.:.:.:.),non-coding(ENSG00000130475:ENST00000597076:.:411:.:.:.),non-coding(ENSG00000130475:ENST00000600393:.:401:.:.:.),intronic(ENSG00000130475:ENST00000252771:21:.:.:.:.),intronic(ENSG00000130475:ENST00000594202:21:.:.:.:.),intronic(ENSG00000130475:ENST00000595033:21:.:.:.:.),intronic(ENSG00000130475:ENST00000596536:21:.:.:.:.),intronic(ENSG00000130475:ENST00000596951:21:.:.:.:.),intronic(ENSG00000130475:ENST00000597512:21:.:.:.:.),intronic(ENSG00000130475:ENST00000600676:21:.:.:.:.)
chr19:38392374:C/T:1	19	38392374	C	T	SS=1;CTG=GL000140.2;CTGPOS11151500;CB=q13.2;DBSNP=rs901327786	ENCODE=SPRED3:protein_coding:non-coding intronic,non-coding,intronic:.:.:.:.:.:.		CADD=C/T:0.267020:4.908	CONSEQ=non-coding(ENSG00000188766:ENST00000590962:.:287:.:.:.),intronic(ENSG00000188766:ENST00000586958:86:.:.:.:.),non-coding intronic(ENSG00000188766:ENST00000587564:86:.:.:.:.),intronic(ENSG00000188766:ENST00000338502:86:.:.:.:.),intronic(ENSG00000188766:ENST00000586301:86:.:.:.:.),intronic(ENSG00000188766:ENST00000587013:86:.:.:.:.),intronic(ENSG00000188766:ENST00000587947:86:.:.:.:.)
chr19:38394161:T/G:1	19	38394161	T	G	SS=1;CTG=GL000140.2;CTGPOS11153287;CB=q13.2;DBSNP=rs1458594078	ENCODE=SPRED3:protein_coding:non-coding intronic,3downstream,intronic:.:.:.:.:.:.		CADD=T/G:0.238891:4.560	CONSEQ=intronic(ENSG00000188766:ENST00000586958:200:.:.:.:.),non-coding intronic(ENSG00000188766:ENST00000587564:200:.:.:.:.),intronic(ENSG00000188766:ENST00000338502:482:.:.:.:.),intronic(ENSG00000188766:ENST00000586301:482:.:.:.:.),intronic(ENSG00000188766:ENST00000587013:482:.:.:.:.),intronic(ENSG00000188766:ENST00000587947:482:.:.:.:.),3downstream(ENSG00000188766:ENST00000590962:.:.:.:.:.)
chr19:39707590:A/C:1	19	39707590	A	C	SS=1;CTG=GL000140.2;CTGPOS12466716;CB=q13.2;DBSNP=.	ENCODE=LGALS14:protein_coding:intronic:.:.:.:.:.:.		CADD=A/C:0.206211:4.143	CONSEQ=intronic(ENSG00000006659:ENST00000360675:202:.:.:.:.),intronic(ENSG00000006659:ENST00000392052:202:.:.:.:.),intronic(ENSG00000006659:ENST00000601802:202:.:.:.:.)
chr19:52788272:C/A:1	19	52788272	C	A	SS=1;CTG=GL000140.2;CTGPOS25547398;CB=q13.41;DBSNP=.	ENCODE=.:.:.:ZNF600:protein_coding:1465:ZNF28:protein_coding:9137		CADD=C/A:-0.307279:0.248	CONSEQ=5upstream(ENSG00000189190:ENST00000597124:.:.:.:.:.),5upstream(ENSG00000189190:ENST00000594028:.:.:.:.:.),5upstream(ENSG00000189190:ENST00000648893:.:.:.:.:.),5upstream(ENSG00000189190:ENST00000647907:.:.:.:.:.),5upstream(ENSG00000189190:ENST00000338230:.:.:.:.:.),5upstream(ENSG00000189190:ENST00000598369:.:.:.:.:.),5upstream(ENSG00000189190:ENST00000599893:.:.:.:.:.),5upstream(ENSG00000189190:ENST00000648973:.:.:.:.:.)
chr19:54307267:G/A:1	19	54307267	G	A	SS=1;CTG=GL000140.2;CTGPOS27066393;CB=q13.42;DBSNP=rs28681186	ENCODE=LILRA5:protein_coding:3utr,3downstream:.:.:.:.:.:.		CADD=G/A:-0.011322:1.651	CONSEQ=3downstream(ENSG00000187116:ENST00000477720:.:.:.:.:.),5upstream(ENSG00000234436:ENST00000426257:.:.:.:.:.),3downstream(ENSG00000275210:ENST00000616950:.:.:.:.:.),3utr(ENSG00000187116:ENST00000432233:.:1166:.:.:.),3utr(ENSG00000187116:ENST00000486742:.:1065:.:.:.)
chr19:54454348:T/C:1	19	54454348	T	C	SS=1;CTG=GL000140.2;CTGPOS27213474;CB=q13.42;DBSNP=rs7247170	ENCODE=LENG8:protein_coding:3downstream,intronic:.:.:.:.:.:.		CADD=T/C:-0.536545:0.039	CONSEQ=3downstream(ENSG00000167615:ENST00000443957:.:.:.:.:.),3downstream(ENSG00000167615:ENST00000436479:.:.:.:.:.),intronic(ENSG00000167615:ENST00000376514:82:.:.:.:.),intronic(ENSG00000167615:ENST00000616932:82:.:.:.:.),3downstream(ENSG00000167615:ENST00000462541:.:.:.:.:.),intronic(ENSG00000167615:ENST00000326764:82:.:.:.:.),intronic(ENSG00000167615:ENST00000439657:82:.:.:.:.),intronic(ENSG00000167615:ENST00000610347:82:.:.:.:.)
chr19:57177622:A/G:1	19	57177622	A	G	SS=1;CTG=GL000140.2;CTGPOS29936748;CB=q13.43;DBSNP=rs1282508869	ENCODE=AC025588.1:processed_pseudogene:non-coding:.:.:.:.:.:.		CADD=A/G:1.086798:13.010	CONSEQ=non-coding(ENSG00000268379:ENST00000594883:.:1773:.:.:.)
chr2:11819407:C/G:1	2	11819407	C	G	SS=1;CTG=GL000022.2;CTGPOS11809407;CB=p25.1;DBSNP=.	ENCODE=LPIN1:protein_coding:non-coding intronic,non-coding,intronic:.:.:.:.:.:.		CADD=C/G:-0.313175:0.237	CONSEQ=intronic(ENSG00000134324:ENST00000256720:77:.:.:.:.),intronic(ENSG00000134324:ENST00000396097:77:.:.:.:.),intronic(ENSG00000134324:ENST00000396099:77:.:.:.:.),non-coding intronic(ENSG00000134324:ENST00000404113:77:.:.:.:.),intronic(ENSG00000134324:ENST00000425416:77:.:.:.:.),intronic(ENSG00000134324:ENST00000449576:77:.:.:.:.),non-coding(ENSG00000134324:ENST00000475922:.:3255:.:.:.)
chr2:24209639:T/G:1	2	24209639	T	G	SS=1;CTG=GL000024.2;CTGPOS8063520;CB=p23.3;DBSNP=rs958852718	ENCODE=ITSN2:protein_coding:non-coding intronic,5upstream,intronic:.:.:.:.:.:.		CADD=T/G:-0.166583:0.669	CONSEQ=5upstream(ENSG00000198399:ENST00000449392:.:.:.:.:.),intronic(ENSG00000198399:ENST00000427234:179:.:.:.:.),intronic(ENSG00000198399:ENST00000355123:179:.:.:.:.),intronic(ENSG00000198399:ENST00000361999:179:.:.:.:.),non-coding intronic(ENSG00000198399:ENST00000479575:179:.:.:.:.),intronic(ENSG00000198399:ENST00000622089:179:.:.:.:.)
chr2:26576272:A/C:1	2	26576272	A	C	SS=1;CTG=GL000024.2;CTGPOS10430153;CB=p23.3;DBSNP=.	ENCODE=C2orf70:protein_coding:non-coding intronic,intronic:.:.:.:.:.:.		CADD=A/C:-0.028482:1.507	CONSEQ=intronic(ENSG00000173557:ENST00000329615:97:.:.:.:.),intronic(ENSG00000173557:ENST00000409392:97:.:.:.:.),intronic(ENSG00000173557:ENST00000453368:97:.:.:.:.),non-coding intronic(ENSG00000173557:ENST00000479453:97:.:.:.:.)
chr2:48708797:C/G:1	2	48708797	C	G	SS=1;CTG=GL000024.2;CTGPOS32562678;CB=p16.3;DBSNP=rs1426820003	ENCODE=AC073082.1:protein_coding:intronic:.:.:.:.:.:.;GTF2A1L:protein_coding:intronic:.:.:.:.:.:.;LHCGR:protein_coding:intronic,non-coding:.:.:.:.:.:.;STON1-GTF2A1L:protein_coding:intronic:.:.:.:.:.:.		CADD=C/G:0.102428:2.821	CONSEQ=intronic(ENSG00000242441:ENST00000508440:24096:.:.:.:.),intronic(ENSG00000068781:ENST00000402114:37117:.:.:.:.),intronic(ENSG00000279956:ENST00000602369:151:.:.:.:.),intronic(ENSG00000138039:ENST00000294954:151:.:.:.:.),intronic(ENSG00000138039:ENST00000401907:151:.:.:.:.),intronic(ENSG00000138039:ENST00000403273:151:.:.:.:.),intronic(ENSG00000138039:ENST00000405626:151:.:.:.:.),non-coding(ENSG00000138039:ENST00000477576:.:354:.:.:.)
chr2:104678443:T/C:1	2	104678443	T	C	SS=1;CTG=GL000029.2;CTGPOS10182428;CB=q12.1;DBSNP=rs1366448452	ENCODE=RPL23AP27:processed_pseudogene:non-coding:.:.:.:.:.:.		CADD=T/C:0.771050:9.650	CONSEQ=non-coding(ENSG00000225669:ENST00000415161:.:221:.:.:.)
chr2:106657431:A/T:1	2	106657431	A	T	SS=1;CTG=GL000029.2;CTGPOS12161416;CB=q12.2;DBSNP=rs6543433	ENCODE=.:.:.:CD8B2:protein_coding:113134:EEF1A1P12:processed_pseudogene:39900		CADD=A/T:-0.039370:1.420	
chr2:127060445:C/T:1	2	127060445	C	T	SS=1;CTG=GL000029.2;CTGPOS32564430;CB=q14.3;DBSNP=rs74895054	ENCODE=BIN1:protein_coding:non-coding intronic,intronic:.:.:.:.:.:.		CADD=C/T:0.054485:2.283	CONSEQ=intronic(ENSG00000136717:ENST00000259238:151:.:.:.:.),intronic(ENSG00000136717:ENST00000352848:151:.:.:.:.),intronic(ENSG00000136717:ENST00000376113:151:.:.:.:.),intronic(ENSG00000136717:ENST00000316724:1290:.:.:.:.),intronic(ENSG00000136717:ENST00000346226:1290:.:.:.:.),intronic(ENSG00000136717:ENST00000348750:1290:.:.:.:.),intronic(ENSG00000136717:ENST00000351659:1290:.:.:.:.),intronic(ENSG00000136717:ENST00000357970:1290:.:.:.:.),intronic(ENSG00000136717:ENST00000393040:1290:.:.:.:.),intronic(ENSG00000136717:ENST00000393041:1290:.:.:.:.),intronic(ENSG00000136717:ENST00000409400:1290:.:.:.:.),non-coding intronic(ENSG00000136717:ENST00000466111:1290:.:.:.:.),non-coding intronic(ENSG00000136717:ENST00000484253:1290:.:.:.:.)
chr2:127322056:T/G:1	2	127322056	T	G	SS=1;CTG=GL000029.2;CTGPOS32826041;CB=q14.3;DBSNP=rs201706237	ENCODE=MAP3K2:protein_coding:coding syn:.:.:.:.:.:.		CADD=T/G:0.560442:7.860	CONSEQ=coding(ENSG00000169967:ENST00000344908:.:1135:1035:syn:P345P),coding(ENSG00000169967:ENST00000409947:.:1318:1035:syn:P345P)
chr2:131532891:G/A:1	2	131532891	G	A	SS=1;CTG=GL000029.2;CTGPOS37036876;CB=q21.1;DBSNP=rs13660	ENCODE=CCDC74A:protein_coding:3downstream,coding *syn,coding syn,coding nonsyn:.:.:.:.:.:.	SIFT=Tolerated(ENST00000295171:CCDC74A:G/A:G302R:0.190);Tolerated(ENST00000409856:CCDC74A:G/A:G236R:0.160)		CONSEQ=3downstream(ENSG00000163040:ENST00000454549:.:.:.:.:.),coding(ENSG00000163040:ENST00000295171:.:1042:904:nonsyn:G302R),coding(ENSG00000163040:ENST00000409856:.:797:706:nonsyn:G236R),coding(ENSG00000163040:ENST00000467992:.:848:711:syn:K237K),coding(ENSG00000163040:ENST00000434330:.:801:570:*syn:K190K)
chr2:135898778:A/G:1	2	135898778	A	G	SS=1;CTG=GL000029.2;CTGPOS41402763;CB=q21.3;DBSNP=.	ENCODE=AC011999.1:processed_pseudogene:non-coding:.:.:.:.:.:.		CADD=A/G:0.273394:4.985	CONSEQ=non-coding(ENSG00000214070:ENST00000424794:.:201:.:.:.)
chr2:188227159:C/G:1	2	188227159	C	G	SS=1;CTG=GL000029.2;CTGPOS93731144;CB=q32.1;DBSNP=.	ENCODE=LINC01090:lincRNA:3downstream,non-coding intronic:.:.:.:.:.:.		CADD=C/G:0.595045:8.153	CONSEQ=non-coding intronic(ENSG00000231689:ENST00000434418:60308:.:.:.:.),non-coding intronic(ENSG00000231689:ENST00000632331:38031:.:.:.:.),5upstream(ENSG00000213115:ENST00000392363:.:.:.:.:.),3downstream(ENSG00000231689:ENST00000415357:.:.:.:.:.)
chr2:196222438:A/C:1	2	196222438	A	C	SS=1;CTG=GL000029.2;CTGPOS101726423;CB=q32.3;DBSNP=.	ENCODE=HECW2:protein_coding:non-coding intronic,intronic:.:.:.:.:.:.		CADD=A/C:-0.197939:0.545	CONSEQ=intronic(ENSG00000138411:ENST00000260983:98:.:.:.:.),intronic(ENSG00000138411:ENST00000644030:98:.:.:.:.),intronic(ENSG00000138411:ENST00000644256:98:.:.:.:.),intronic(ENSG00000138411:ENST00000644421:98:.:.:.:.),intronic(ENSG00000138411:ENST00000644978:98:.:.:.:.),non-coding intronic(ENSG00000138411:ENST00000645468:98:.:.:.:.),intronic(ENSG00000138411:ENST00000647236:98:.:.:.:.)
chr2:204177510:C/T:1	2	204177510	C	T	SS=1;CTG=GL000029.2;CTGPOS109681495;CB=q33.3;DBSNP=rs13023496	ENCODE=.:.:.:AC009965.1:lincRNA:67661:AC009498.1:lincRNA:50627		CADD=C/T:-0.382188:0.138	
chr2:240869136:A/G:1	2	240869136	A	G	SS=1;CTG=GL000029.2;CTGPOS146373121;CB=q37.3;DBSNP=rs558570109	ENCODE=AGXT:protein_coding:non-coding intronic,5upstream,intronic:.:.:.:.:.:.		CADD=A/G:0.117781:3.007	CONSEQ=intronic(ENSG00000172482:ENST00000307503:34:.:.:.:.),non-coding intronic(ENSG00000172482:ENST00000472436:34:.:.:.:.),5upstream(ENSG00000172482:ENST00000476698:.:.:.:.:.)
chr20:18041904:T/C:1	20	18041904	T	C	SS=1;CTG=GL000141.2;CTGPOS17981904;CB=p11.23;DBSNP=rs1341610062	ENCODE=OVOL2:protein_coding:non-coding intronic,intronic:.:.:.:.:.:.		CADD=T/C:0.128426:3.139	CONSEQ=non-coding intronic(ENSG00000125850:ENST00000462208:181:.:.:.:.),intronic(ENSG00000125850:ENST00000278780:181:.:.:.:.),non-coding intronic(ENSG00000125850:ENST00000483661:181:.:.:.:.),non-coding intronic(ENSG00000125850:ENST00000486776:181:.:.:.:.),non-coding intronic(ENSG00000125850:ENST00000494030:181:.:.:.:.)
chr20:29514969:G/A:1	20	29514969	G	A	SS=1;CTG=KI270592.1;CTGPOS310201;CB=q11.1;DBSNP=rs1349556394	ENCODE=.:.:.:FRG1EP:unprocessed_pseudogene:17790:RF00019:misc_RNA:60091		CADD=G/A:1.021861:12.380	
chr20:30813087:C/G:1	20	30813087	C	G	SS=1;CTG=KI270598.1;CTGPOS1189;CB=q11.21;DBSNP=rs1166278683	ENCODE=.:.:.:ANKRD20A21P:transcribed_unprocessed_pseudogene:89155:RNA5SP528:rRNA:3069		CADD=C/G:0.655339:8.656	
chr20:41345676:A/G:1	20	41345676	A	G	SS=1;CTG=GL000143.2;CTGPOS10294168;CB=q12;DBSNP=rs6129820	ENCODE=LPIN3:protein_coding:intronic:.:.:.:.:.:.		CADD=A/G:-0.371959:0.150	CONSEQ=intronic(ENSG00000132793:ENST00000373257:120:.:.:.:.),intronic(ENSG00000132793:ENST00000632009:120:.:.:.:.)
chr20:60006900:G/C:1	20	60006900	G	C	SS=1;CTG=GL000143.2;CTGPOS28955392;CB=q13.33;DBSNP=.	ENCODE=CDH26:protein_coding:non-coding intronic,intronic:.:.:.:.:.:.		CADD=G/C:0.778150:9.717	CONSEQ=intronic(ENSG00000124215:ENST00000244049:113:.:.:.:.),intronic(ENSG00000124215:ENST00000348616:113:.:.:.:.),intronic(ENSG00000124215:ENST00000350849:113:.:.:.:.),intronic(ENSG00000124215:ENST00000456106:113:.:.:.:.),non-coding intronic(ENSG00000124215:ENST00000497614:113:.:.:.:.),intronic(ENSG00000124215:ENST00000370991:113:.:.:.:.)
chr20:62896722:T/C:1	20	62896722	T	C	SS=1;CTG=GL000143.2;CTGPOS31845214;CB=q13.33;DBSNP=rs910149	ENCODE=DIDO1:protein_coding:coding syn:.:.:.:.:.:.		CADD=T/C:0.018300:1.920	CONSEQ=coding(ENSG00000101191:ENST00000266070:.:2219:1863:syn:A621A),coding(ENSG00000101191:ENST00000395340:.:2127:1863:syn:A621A),coding(ENSG00000101191:ENST00000395343:.:2127:1863:syn:A621A)
chr21:5252209:A/G:1	21	5252209	A	G	SS=1;CTG=KI270600.1;CTGPOS35963;CB=p12;DBSNP=rs1340755684	ENCODE=.:.:.:AC079801.1:lincRNA:8376:LINC01670:lincRNA:246942		CADD=A/G:0.469655:7.051	
chr21:31135807:A/G:1	21	31135807	A	G	SS=1;CTG=GL000151.2;CTGPOS18169999;CB=q22.11;DBSNP=.	ENCODE=TIAM1:protein_coding:intronic:.:.:.:.:.:.		CADD=A/G:0.727334:9.257	CONSEQ=intronic(ENSG00000156299:ENST00000286827:126:.:.:.:.),intronic(ENSG00000156299:ENST00000541036:126:.:.:.:.),intronic(ENSG00000156299:ENST00000636887:126:.:.:.:.)
chr21:41179318:A/G:1	21	41179318	A	G	SS=1;CTG=GL000151.2;CTGPOS28213510;CB=q22.2;DBSNP=rs200941231	ENCODE=BACE2:protein_coding:intronic:.:.:.:.:.:.;PLAC4:antisense:non-coding intronic,3downstream,non-coding:.:.:.:.:.:.		CADD=A/G:-0.147086:0.756	CONSEQ=intronic(ENSG00000182240:ENST00000328735:10743:.:.:.:.),intronic(ENSG00000182240:ENST00000330333:10743:.:.:.:.),intronic(ENSG00000182240:ENST00000347667:10743:.:.:.:.),non-coding(ENSG00000280109:ENST00000623119:.:1501:.:.:.),non-coding(ENSG00000280109:ENST00000645185:.:5922:.:.:.),non-coding intronic(ENSG00000280109:ENST00000440221:1154:.:.:.:.),non-coding intronic(ENSG00000280109:ENST00000430327:2532:.:.:.:.),5upstream(ENSG00000224388:ENST00000433378:.:.:.:.:.),3downstream(ENSG00000280109:ENST00000414699:.:.:.:.:.)
chr21:46351357:C/A:1	21	46351357	C	A	SS=1;CTG=GL000151.2;CTGPOS33385549;CB=q22.3;DBSNP=.	ENCODE=PCNT:protein_coding:non-coding intronic,3downstream,intronic:.:.:.:.:.:.		CADD=C/A:-0.105257:0.974	CONSEQ=3downstream(ENSG00000160299:ENST00000490468:.:.:.:.:.),intronic(ENSG00000160299:ENST00000359568:72:.:.:.:.),non-coding intronic(ENSG00000160299:ENST00000480896:72:.:.:.:.),non-coding intronic(ENSG00000160299:ENST00000483844:72:.:.:.:.),non-coding intronic(ENSG00000160299:ENST00000466474:1537:.:.:.:.)
chr22:10928353:C/G:1	22	10928353	C	G	SS=1;CTG=GL000241.1;CTGPOS3781;CB=p11.2;DBSNP=rs1263845006	ENCODE=.:.:.:RF00004:snRNA:192070:FRG1FP:unprocessed_pseudogene:11035		CADD=C/G:0.529863:7.594	
chr22:11066487:G/A:1	22	11066487	G	A	SS=1;CTG=GL000237.2;CTGPOS49763;CB=p11.2;DBSNP=rs1344342950	ENCODE=CU104787.1:lincRNA:non-coding:.:.:.:.:.:.		CADD=G/A:0.650939:8.619	CONSEQ=non-coding(ENSG00000279973:ENST00000624155:.:70:.:.:.)
chr22:25992371:C/T:1	22	25992371	C	T	SS=1;CTG=GL000155.2;CTGPOS7282807;CB=q12.1;DBSNP=rs916425	ENCODE=MYO18B:protein_coding:non-coding,coding syn,3utr:.:.:.:.:.:.		CADD=C/T:-0.429142:0.095	CONSEQ=coding(ENSG00000133454:ENST00000335473:.:6415:6165:syn:Y2055Y),coding(ENSG00000133454:ENST00000407587:.:6337:6168:syn:Y2056Y),non-coding(ENSG00000133454:ENST00000418374:.:4736:.:.:.),coding(ENSG00000133454:ENST00000536101:.:6424:6165:syn:Y2055Y),3utr(ENSG00000133454:ENST00000539302:.:6079:.:.:.),coding(ENSG00000133454:ENST00000543971:.:59:60:syn:Y20Y)
chr22:36320146:C/A:1	22	36320146	C	A	SS=1;CTG=GL000155.2;CTGPOS17610582;CB=q12.3;DBSNP=rs879221785	ENCODE=MYH9:protein_coding:3downstream,5upstream,intronic:.:.:.:.:.:.		CADD=C/A:0.121030:3.047	CONSEQ=3downstream(ENSG00000100345:ENST00000472210:.:.:.:.:.),3downstream(ENSG00000100345:ENST00000463027:.:.:.:.:.),intronic(ENSG00000100345:ENST00000216181:74:.:.:.:.),5upstream(ENSG00000100345:ENST00000477189:.:.:.:.:.)
chr22:50625611:G/C:1	22	50625611	G	C	SS=1;CTG=GL000156.2;CTGPOS650246;CB=q13.33;DBSNP=rs743616	ENCODE=ARSA:protein_coding:coding nonsyn,3downstream:.:.:.:.:.:.	SIFT=Tolerated(ENST00000608497:ARSA:G/C:T16S:0.440);Tolerated(ENST00000608497:ARSA:G/C:T16S:0.440);Tolerated(ENST00000216124:ARSA:G/C:T393S:0.420);Tolerated(ENST00000356098:ARSA:G/C:T393S:0.420);Tolerated(ENST00000395619:ARSA:G/C:T393S:0.420);Tolerated(ENST00000395621:ARSA:G/C:T393S:0.420);Tolerated(ENST00000453344:ARSA:G/C:T307S:0.420)		CONSEQ=3downstream(ENSG00000100299:ENST00000551731:.:.:.:.:.),coding(ENSG00000100299:ENST00000608497:.:46:47:nonsyn:T16S),coding(ENSG00000100299:ENST00000216124:.:1571:1178:nonsyn:T393S),coding(ENSG00000100299:ENST00000356098:.:1416:1178:nonsyn:T393S),coding(ENSG00000100299:ENST00000395619:.:1360:1178:nonsyn:T393S),coding(ENSG00000100299:ENST00000395621:.:1449:1178:nonsyn:T393S),coding(ENSG00000100299:ENST00000453344:.:1182:920:nonsyn:T307S)
chr3:121945265:G/A:1	3	121945265	G	A	SS=1;CTG=GL000035.2;CTGPOS28239691;CB=q13.33;DBSNP=rs9867460	ENCODE=.:.:.:SLC15A2:protein_coding:1163:ILDR1:protein_coding:42058		CADD=G/A:1.447940:15.400	CONSEQ=3downstream(ENSG00000163406:ENST00000489711:.:.:.:.:.)
chr3:129575694:T/G:1	3	129575694	T	G	SS=1;CTG=GL000035.2;CTGPOS35870120;CB=q22.1;DBSNP=rs878978428	ENCODE=PLXND1:protein_coding:non-coding intronic,intronic:.:.:.:.:.:.		CADD=T/G:-0.045946:1.370	CONSEQ=intronic(ENSG00000004399:ENST00000324093:72:.:.:.:.),non-coding intronic(ENSG00000004399:ENST00000505505:72:.:.:.:.)
chr3:195668332:A/G:1	3	195668332	A	G	SS=1;CTG=GL000035.2;CTGPOS101962758;CB=q29;DBSNP=rs79813842	ENCODE=MUC20-OT1:lincRNA:3downstream,non-coding intronic:.:.:.:.:.:.;SDHAP2:transcribed_unprocessed_pseudogene:non-coding intronic:.:.:.:.:.:.		CADD=A/G:0.234707:4.508	CONSEQ=non-coding intronic(ENSG00000242086:ENST00000429897:187:.:.:.:.),non-coding intronic(ENSG00000242086:ENST00000445430:187:.:.:.:.),non-coding intronic(ENSG00000242086:ENST00000453324:187:.:.:.:.),non-coding intronic(ENSG00000215837:ENST00000455183:187:.:.:.:.),3downstream(ENSG00000242086:ENST00000457233:.:.:.:.:.)
chr4:76036090:T/C:1	4	76036090	T	C	SS=1;CTG=GL000046.2;CTGPOS17114709;CB=q21.1;DBSNP=rs10021313	ENCODE=ART3:protein_coding:non-coding intronic,intronic:.:.:.:.:.:.;CXCL11:protein_coding:5utr,intronic:.:.:.:.:.:.		CADD=T/C:0.475052:7.101	CONSEQ=intronic(ENSG00000156219:ENST00000513122:21900:.:.:.:.),intronic(ENSG00000156219:ENST00000513353:22502:.:.:.:.),intronic(ENSG00000156219:ENST00000341029:24770:.:.:.:.),non-coding intronic(ENSG00000156219:ENST00000510669:24770:.:.:.:.),intronic(ENSG00000156219:ENST00000504914:23847:.:.:.:.),3downstream(ENSG00000225846:ENST00000477971:.:.:.:.:.),5utr(ENSG00000169248:ENST00000306621:.:108:.:.:.),intronic(ENSG00000169248:ENST00000503860:26:.:.:.:.)
chr4:140287063:A/C:1	4	140287063	A	C	SS=1;CTG=GL000046.2;CTGPOS81365682;CB=q31.1;DBSNP=rs950435883	ENCODE=SCOC-AS1:antisense:non-coding intronic:.:.:.:.:.:.;SCOC:protein_coding:intronic:.:.:.:.:.:.		CADD=A/C:0.027273:2.007	CONSEQ=intronic(ENSG00000153130:ENST00000394205:29653:.:.:.:.),non-coding intronic(ENSG00000196951:ENST00000512692:1795:.:.:.:.)
chr4:154546952:G/C:1	4	154546952	G	C	SS=1;CTG=GL000046.2;CTGPOS95625571;CB=q31.3;DBSNP=.	ENCODE=PLRG1:protein_coding:3downstream,5upstream,non-coding,intronic,non-coding intronic:.:.:.:.:.:.		CADD=G/C:0.713238:9.137	CONSEQ=3downstream(ENSG00000171566:ENST00000515520:.:.:.:.:.),intronic(ENSG00000171566:ENST00000506192:59:.:.:.:.),5upstream(ENSG00000171566:ENST00000506918:.:.:.:.:.),intronic(ENSG00000171566:ENST00000499023:59:.:.:.:.),intronic(ENSG00000171566:ENST00000504341:59:.:.:.:.),intronic(ENSG00000171566:ENST00000509975:59:.:.:.:.),non-coding intronic(ENSG00000171566:ENST00000512719:59:.:.:.:.),intronic(ENSG00000171566:ENST00000302078:86:.:.:.:.),non-coding(ENSG00000171566:ENST00000503751:.:464:.:.:.)
chr4:190111824:A/G:1	4	190111824	A	G	SS=1;CTG=GL000046.2;CTGPOS131190443;CB=q35.2;DBSNP=rs74221402	ENCODE=.:.:.:DUX4L2:unprocessed_pseudogene:19545:DUX4:protein_coding:61950		CADD=A/G:0.842771:10.360	
chr5:41967795:T/G:1	5	41967795	T	G	SS=1;CTG=GL000047.2;CTGPOS41957795;CB=p13.1;DBSNP=rs1026881962	ENCODE=MTHFD2P6:processed_pseudogene:non-coding:.:.:.:.:.:.		CADD=T/G:0.084708:2.614	CONSEQ=non-coding(ENSG00000249266:ENST00000506170:.:366:.:.:.)
chr5:94678843:A/G:1	5	94678843	A	G	SS=1;CTG=GL000049.2;CTGPOS44569036;CB=q15;DBSNP=rs754541888	ENCODE=SLF1:protein_coding:non-coding,coding syn:.:.:.:.:.:.		CADD=A/G:0.728326:9.265	CONSEQ=non-coding(ENSG00000133302:ENST00000450932:.:445:.:.:.),coding(ENSG00000133302:ENST00000265140:.:2282:1863:syn:G621G)
chr5:97370130:C/G:1	5	97370130	C	G	SS=1;CTG=GL000049.2;CTGPOS47260323;CB=q15;DBSNP=rs62377297	ENCODE=LIX1-AS1:lincRNA:non-coding intronic:.:.:.:.:.:.;YTHDF1P1:processed_pseudogene:non-coding:.:.:.:.:.:.		CADD=C/G:0.283044:5.100	CONSEQ=non-coding intronic(ENSG00000251513:ENST00000504578:61614:.:.:.:.),non-coding(ENSG00000251389:ENST00000515217:.:1355:.:.:.)
chr5:119127320:C/A:1	5	119127320	C	A	SS=1;CTG=GL000049.2;CTGPOS69017513;CB=q23.1;DBSNP=rs1165883064	ENCODE=AC118465.1:processed_pseudogene:non-coding:.:.:.:.:.:.;DMXL1:protein_coding:non-coding intronic,5upstream,intronic:.:.:.:.:.:.		CADD=C/A:0.771725:9.657	CONSEQ=intronic(ENSG00000172869:ENST00000311085:1891:.:.:.:.),intronic(ENSG00000172869:ENST00000503802:1891:.:.:.:.),non-coding intronic(ENSG00000172869:ENST00000514151:1891:.:.:.:.),intronic(ENSG00000172869:ENST00000539542:1891:.:.:.:.),non-coding(ENSG00000248885:ENST00000513820:.:733:.:.:.),5upstream(ENSG00000172869:ENST00000504031:.:.:.:.:.)
chr5:151731226:T/G:1	5	151731226	T	G	SS=1;CTG=GL000050.2;CTGPOS12277567;CB=q33.1;DBSNP=.	ENCODE=.:.:.:AC011374.2:lincRNA:5870:ATOX1:protein_coding:11090		CADD=T/G:0.075630:2.512	
chr5:151800684:C/A:1	5	151800684	C	A	SS=1;CTG=GL000050.2;CTGPOS12347025;CB=q33.1;DBSNP=rs879219472	ENCODE=G3BP1:protein_coding:intronic:.:.:.:.:.:.		CADD=C/A:-0.265136:0.341	CONSEQ=intronic(ENSG00000145907:ENST00000356245:76:.:.:.:.),intronic(ENSG00000145907:ENST00000394123:76:.:.:.:.),intronic(ENSG00000145907:ENST00000520177:76:.:.:.:.),intronic(ENSG00000145907:ENST00000522761:76:.:.:.:.)
chr6:26156427:G/C:1	6	26156427	G	C	SS=1;CTG=GL000052.2;CTGPOS26096427;CB=p22.2;DBSNP=.	ENCODE=HIST1H1E:protein_coding:coding nonsyn:.:.:.:.:.:.	SIFT=Tolerated(ENST00000304218:HIST1H1E:G/C:A13P:0.105)		CONSEQ=5upstream(ENSG00000158373:ENST00000289316:.:.:.:.:.),5upstream(ENSG00000158373:ENST00000377777:.:.:.:.:.),coding(ENSG00000168298:ENST00000304218:.:74:37:nonsyn:A13P)
chr6:33171551:C/T:1	6	33171551	C	T	SS=1;CTG=GL000052.2;CTGPOS33111551;CB=p21.32;DBSNP=rs1799910	ENCODE=COL11A2:protein_coding:non-coding intronic,coding syn:.:.:.:.:.:.		CADD=C/T:-0.288137:0.287	CONSEQ=non-coding intronic(ENSG00000204248:ENST00000477772:5458:.:.:.:.),coding(ENSG00000204248:ENST00000341947:.:3402:3174:syn:P1058P),coding(ENSG00000204248:ENST00000361917:.:3081:2853:syn:P951P),coding(ENSG00000204248:ENST00000374708:.:3175:2916:syn:P972P)
chr6:37650494:G/C:1	6	37650494	G	C	SS=1;CTG=GL000052.2;CTGPOS37590494;CB=p21.2;DBSNP=rs804817	ENCODE=MDGA1:protein_coding:non-coding intronic,5upstream,intronic:.:.:.:.:.:.		CADD=G/C:-0.423673:0.099	CONSEQ=5upstream(ENSG00000112139:ENST00000510077:.:.:.:.:.),intronic(ENSG00000112139:ENST00000434837:89:.:.:.:.),non-coding intronic(ENSG00000112139:ENST00000478143:89:.:.:.:.),intronic(ENSG00000112139:ENST00000505425:89:.:.:.:.),intronic(ENSG00000112139:ENST00000650466:89:.:.:.:.)
chr6:38850159:T/G:1	6	38850159	T	G	SS=1;CTG=GL000052.2;CTGPOS38790159;CB=p21.2;DBSNP=.	ENCODE=DNAH8:protein_coding:intronic:.:.:.:.:.:.		CADD=T/G:1.061963:12.790	CONSEQ=intronic(ENSG00000124721:ENST00000327475:92:.:.:.:.),intronic(ENSG00000124721:ENST00000359357:92:.:.:.:.),intronic(ENSG00000124721:ENST00000449981:92:.:.:.:.)
chr6:39867400:C/A:1	6	39867400	C	A	SS=1;CTG=GL000052.2;CTGPOS39807400;CB=p21.2;DBSNP=.	ENCODE=DAAM2:protein_coding:non-coding intronic,non-coding,intronic:.:.:.:.:.:.		CADD=C/A:-0.095109:1.034	CONSEQ=intronic(ENSG00000146122:ENST00000274867:110:.:.:.:.),intronic(ENSG00000146122:ENST00000398904:110:.:.:.:.),non-coding intronic(ENSG00000146122:ENST00000491083:110:.:.:.:.),intronic(ENSG00000146122:ENST00000494405:110:.:.:.:.),intronic(ENSG00000146122:ENST00000538976:110:.:.:.:.),intronic(ENSG00000146122:ENST00000633794:110:.:.:.:.),non-coding(ENSG00000146122:ENST00000632657:.:88:.:.:.)
chr6:44044571:T/C:1	6	44044571	T	C	SS=1;CTG=GL000052.2;CTGPOS43984571;CB=p21.1;DBSNP=rs112159290	ENCODE=AL109615.3:antisense:non-coding intronic:.:.:.:.:.:.		CADD=T/C:-0.312290:0.239	CONSEQ=non-coding intronic(ENSG00000237686:ENST00000422059:29926:.:.:.:.)
chr6:136900399:T/G:1	6	136900399	T	G	SS=1;CTG=GL000054.2;CTGPOS76670465;CB=q23.3;DBSNP=rs879197105	ENCODE=AL365223.1:transcribed_processed_pseudogene:non-coding:.:.:.:.:.:.;PEX7:protein_coding:intronic:.:.:.:.:.:.		CADD=T/G:1.860465:17.820	CONSEQ=intronic(ENSG00000112357:ENST00000318471:2158:.:.:.:.),non-coding(ENSG00000213109:ENST00000574864:.:1131:.:.:.),non-coding(ENSG00000213109:ENST00000425027:.:759:.:.:.)
chr6:156829096:A/G:1	6	156829096	A	G	SS=1;CTG=GL000054.2;CTGPOS96599162;CB=q25.3;DBSNP=rs12206233	ENCODE=ARID1B:protein_coding:5upstream,intronic,non-coding intronic:.:.:.:.:.:.		CADD=A/G:0.115442:2.978	CONSEQ=intronic(ENSG00000049618:ENST00000346085:131:.:.:.:.),intronic(ENSG00000049618:ENST00000350026:131:.:.:.:.),intronic(ENSG00000049618:ENST00000414678:131:.:.:.:.),intronic(ENSG00000049618:ENST00000494260:131:.:.:.:.),intronic(ENSG00000049618:ENST00000636607:131:.:.:.:.),intronic(ENSG00000049618:ENST00000636748:131:.:.:.:.),intronic(ENSG00000049618:ENST00000636930:131:.:.:.:.),non-coding intronic(ENSG00000049618:ENST00000637910:131:.:.:.:.),intronic(ENSG00000049618:ENST00000638000:131:.:.:.:.),intronic(ENSG00000049618:ENST00000647938:131:.:.:.:.),5upstream(ENSG00000049618:ENST00000636205:.:.:.:.:.),5upstream(ENSG00000049618:ENST00000637532:.:.:.:.:.)
chr6:161549199:T/A:1	6	161549199	T	A	SS=1;CTG=GL000054.2;CTGPOS101319265;CB=q26;DBSNP=rs509495	ENCODE=PRKN:protein_coding:intronic:.:.:.:.:.:.		CADD=T/A:-0.171799:0.647	CONSEQ=intronic(ENSG00000185345:ENST00000479615:162322:.:.:.:.),intronic(ENSG00000185345:ENST00000338468:196:.:.:.:.),intronic(ENSG00000185345:ENST00000366892:196:.:.:.:.),intronic(ENSG00000185345:ENST00000366894:196:.:.:.:.),intronic(ENSG00000185345:ENST00000366896:196:.:.:.:.),intronic(ENSG00000185345:ENST00000366897:196:.:.:.:.),intronic(ENSG00000185345:ENST00000366898:196:.:.:.:.),intronic(ENSG00000185345:ENST00000610470:196:.:.:.:.),intronic(ENSG00000185345:ENST00000612485:196:.:.:.:.)
chr7:21702763:A/G:1	7	21702763	A	G	SS=1;CTG=GL000055.2;CTGPOS21692763;CB=p15.3;DBSNP=rs759482084	ENCODE=DNAH11:protein_coding:non-coding,coding syn:.:.:.:.:.:.		CADD=A/G:0.418232:6.560	CONSEQ=coding(ENSG00000105877:ENST00000328843:.:6286:6255:syn:G2085G),coding(ENSG00000105877:ENST00000409508:.:6265:6234:syn:G2078G),non-coding(ENSG00000105877:ENST00000465129:.:54:.:.:.),coding(ENSG00000105877:ENST00000620169:.:6286:6255:syn:G2085G)
chr7:64736539:A/C:1	7	64736539	A	C	SS=1;CTG=GL000059.2;CTGPOS2229760;CB=q11.21;DBSNP=rs1040555485	ENCODE=AC091799.1:processed_pseudogene:non-coding:.:.:.:.:.:.		CADD=A/C:0.297499:5.270	CONSEQ=non-coding(ENSG00000224172:ENST00000422823:.:205:.:.:.)
chr7:80474080:T/G:1	7	80474080	T	G	SS=1;CTG=GL000059.2;CTGPOS17967301;CB=q21.11;DBSNP=.	ENCODE=CD36:protein_coding:intronic:.:.:.:.:.:.;GNAT3:protein_coding:intronic:.:.:.:.:.:.		CADD=T/G:-0.092650:1.049	CONSEQ=intronic(ENSG00000135218:ENST00000435819:12387:.:.:.:.),intronic(ENSG00000214415:ENST00000398291:171:.:.:.:.)
chr7:92040995:G/T:1	7	92040995	G	T	SS=1;CTG=GL000059.2;CTGPOS29534216;CB=q21.2;DBSNP=rs536275835	ENCODE=AKAP9:protein_coding:non-coding intronic,non-coding,intronic,3utr:.:.:.:.:.:.		CADD=G/T:-0.156209:0.714	CONSEQ=non-coding(ENSG00000127914:ENST00000493453:.:5234:.:.:.),3utr(ENSG00000127914:ENST00000619023:.:5220:.:.:.),intronic(ENSG00000127914:ENST00000356239:97:.:.:.:.),intronic(ENSG00000127914:ENST00000359028:97:.:.:.:.),intronic(ENSG00000127914:ENST00000358100:97:.:.:.:.),non-coding intronic(ENSG00000127914:ENST00000484815:97:.:.:.:.)
chr7:99394321:C/T:1	7	99394321	C	T	SS=1;CTG=GL000059.2;CTGPOS36887542;CB=q22.1;DBSNP=rs10243678	ENCODE=AC004922.1:protein_coding:intronic:.:.:.:.:.:.;ARPC1B:protein_coding:3downstream,non-coding,intronic,non-coding intronic:.:.:.:.:.:.;PDAP1:protein_coding:3downstream,non-coding intronic:.:.:.:.:.:.		CADD=C/T:-0.248385:0.385	CONSEQ=non-coding intronic(ENSG00000106244:ENST00000496335:1522:.:.:.:.),3downstream(ENSG00000106244:ENST00000350498:.:.:.:.:.),non-coding(ENSG00000130429:ENST00000491294:.:575:.:.:.),3downstream(ENSG00000130429:ENST00000417330:.:.:.:.:.),non-coding intronic(ENSG00000130429:ENST00000463078:22:.:.:.:.),intronic(ENSG00000130429:ENST00000252725:130:.:.:.:.),intronic(ENSG00000130429:ENST00000427217:130:.:.:.:.),intronic(ENSG00000130429:ENST00000431816:130:.:.:.:.),intronic(ENSG00000130429:ENST00000443222:130:.:.:.:.),intronic(ENSG00000130429:ENST00000451682:130:.:.:.:.),intronic(ENSG00000130429:ENST00000455009:130:.:.:.:.),intronic(ENSG00000130429:ENST00000458033:130:.:.:.:.),non-coding intronic(ENSG00000130429:ENST00000481997:130:.:.:.:.),intronic(ENSG00000284292:ENST00000638617:130:.:.:.:.),intronic(ENSG00000130429:ENST00000645391:130:.:.:.:.),intronic(ENSG00000130429:ENST00000646101:130:.:.:.:.)
chr7:105206113:T/C:1	7	105206113	T	C	SS=1;CTG=GL000059.2;CTGPOS42699334;CB=q22.3;DBSNP=rs1012773158	ENCODE=SRPK2:protein_coding:non-coding intronic,intronic:.:.:.:.:.:.		CADD=T/C:0.147729:3.384	CONSEQ=non-coding intronic(ENSG00000135250:ENST00000462282:288:.:.:.:.),intronic(ENSG00000135250:ENST00000357311:2328:.:.:.:.),intronic(ENSG00000135250:ENST00000460391:2328:.:.:.:.),intronic(ENSG00000135250:ENST00000465112:2328:.:.:.:.),non-coding intronic(ENSG00000135250:ENST00000482862:2328:.:.:.:.),intronic(ENSG00000135250:ENST00000489828:2328:.:.:.:.),intronic(ENSG00000135250:ENST00000393651:2328:.:.:.:.),intronic(ENSG00000135250:ENST00000482897:2328:.:.:.:.),3downstream(ENSG00000271482:ENST00000604391:.:.:.:.:.)
chr7:107186166:C/T:1	7	107186166	C	T	SS=1;CTG=GL000059.2;CTGPOS44679387;CB=q22.3;DBSNP=.	ENCODE=HBP1:protein_coding:non-coding intronic,5upstream,intronic:.:.:.:.:.:.		CADD=C/T:-0.389241:0.130	CONSEQ=5upstream(ENSG00000105856:ENST00000461963:.:.:.:.:.),intronic(ENSG00000105856:ENST00000222574:195:.:.:.:.),non-coding intronic(ENSG00000105856:ENST00000463202:195:.:.:.:.),intronic(ENSG00000105856:ENST00000468410:195:.:.:.:.),intronic(ENSG00000105856:ENST00000485846:195:.:.:.:.),intronic(ENSG00000105856:ENST00000498408:195:.:.:.:.)
chr7:111808804:C/T:1	7	111808804	C	T	SS=1;CTG=GL000059.2;CTGPOS49302025;CB=q31.1;DBSNP=rs747917441	ENCODE=DOCK4-AS1:antisense:non-coding intronic:.:.:.:.:.:.;DOCK4:protein_coding:non-coding intronic,intronic:.:.:.:.:.:.		CADD=C/T:0.435228:6.725	CONSEQ=intronic(ENSG00000128512:ENST00000423057:17:.:.:.:.),intronic(ENSG00000128512:ENST00000428084:17:.:.:.:.),intronic(ENSG00000128512:ENST00000437633:17:.:.:.:.),intronic(ENSG00000128512:ENST00000445943:17:.:.:.:.),non-coding intronic(ENSG00000128512:ENST00000469898:17:.:.:.:.),non-coding intronic(ENSG00000225572:ENST00000452714:191:.:.:.:.),intronic(ENSG00000128512:ENST00000494651:13:.:.:.:.)
chr8:2129245:G/C:1	8	2129245	G	C	SS=1;CTG=GL000062.2;CTGPOS2069245;CB=p23.3;DBSNP=rs769014390	ENCODE=MYOM2:protein_coding:non-coding intronic,3downstream,intronic:.:.:.:.:.:.		CADD=G/C:0.087988:2.652	CONSEQ=3downstream(ENSG00000036448:ENST00000523443:.:.:.:.:.),intronic(ENSG00000036448:ENST00000262113:13:.:.:.:.),non-coding intronic(ENSG00000036448:ENST00000519631:13:.:.:.:.),non-coding intronic(ENSG00000036448:ENST00000520072:13:.:.:.:.),intronic(ENSG00000036448:ENST00000523438:13:.:.:.:.),non-coding intronic(ENSG00000036448:ENST00000612167:13:.:.:.:.),non-coding intronic(ENSG00000036448:ENST00000621894:13:.:.:.:.)
chr8:17470986:C/A:1	8	17470986	C	A	SS=1;CTG=GL000064.2;CTGPOS5186641;CB=p22;DBSNP=rs1447114200	ENCODE=ADAM24P:unprocessed_pseudogene:non-coding:.:.:.:.:.:.		CADD=C/A:0.073742:2.491	CONSEQ=non-coding(ENSG00000214607:ENST00000398655:.:1469:.:.:.)
chr8:22196292:A/C:1	8	22196292	A	C	SS=1;CTG=GL000064.2;CTGPOS9911947;CB=p21.3;DBSNP=rs1353460509	ENCODE=BMP1:protein_coding:3downstream,3utr,intronic:.:.:.:.:.:.		CADD=A/C:-0.075669:1.158	CONSEQ=3downstream(ENSG00000168487:ENST00000523749:.:.:.:.:.),intronic(ENSG00000168487:ENST00000306349:388:.:.:.:.),intronic(ENSG00000168487:ENST00000306385:388:.:.:.:.),intronic(ENSG00000168487:ENST00000354870:388:.:.:.:.),intronic(ENSG00000168487:ENST00000483364:388:.:.:.:.),intronic(ENSG00000168487:ENST00000518913:388:.:.:.:.),intronic(ENSG00000168487:ENST00000520626:388:.:.:.:.),intronic(ENSG00000168487:ENST00000520970:388:.:.:.:.),intronic(ENSG00000168487:ENST00000520982:388:.:.:.:.),intronic(ENSG00000168487:ENST00000521385:388:.:.:.:.),3downstream(ENSG00000168487:ENST00000517324:.:.:.:.:.),3utr(ENSG00000168487:ENST00000471755:.:1883:.:.:.)
chr9:2644144:G/T:1	9	2644144	G	T	SS=1;CTG=GL000069.2;CTGPOS2634144;CB=p24.2;DBSNP=rs909231920	ENCODE=VLDLR:protein_coding:3downstream,intronic:.:.:.:.:.:.		CADD=G/T:0.363151:5.999	CONSEQ=3downstream(ENSG00000147852:ENST00000382096:.:.:.:.:.),5upstream(ENSG00000236404:ENST00000599229:.:.:.:.:.),intronic(ENSG00000147852:ENST00000382099:185:.:.:.:.),intronic(ENSG00000147852:ENST00000382100:185:.:.:.:.)
chr9:35093530:T/C:1	9	35093530	T	C	SS=1;CTG=GL000069.2;CTGPOS35083530;CB=p13.3;DBSNP=rs201929958	ENCODE=PIGO:protein_coding:3downstream,non-coding,coding nonsyn:.:.:.:.:.:.	SIFT=Deleterious(ENST00000298004:PIGO:T/C:D277G:0.000);Deleterious(ENST00000361778:PIGO:T/C:D277G:0.000);Deleterious(ENST00000378617:PIGO:T/C:D277G:0.000)		CONSEQ=non-coding(ENSG00000165282:ENST00000474436:.:1815:.:.:.),non-coding(ENSG00000165282:ENST00000465745:.:1358:.:.:.),3downstream(ENSG00000165282:ENST00000472208:.:.:.:.:.),3downstream(ENSG00000165282:ENST00000492770:.:.:.:.:.),coding(ENSG00000165282:ENST00000298004:.:995:830:nonsyn:D277G),coding(ENSG00000165282:ENST00000361778:.:872:830:nonsyn:D277G),coding(ENSG00000165282:ENST00000378617:.:1225:830:nonsyn:D277G)
chr9:41229905:T/G:1	9	41229905	T	G	SS=1;CTG=GL000069.2;CTGPOS41219905;CB=p11.2;DBSNP=rs963753794	ENCODE=.:.:.:FRG1HP:transcribed_unprocessed_pseudogene:11495:MIR4477A:miRNA:3850		CADD=T/G:0.595171:8.154	
chr9:41229906:A/G:1	9	41229906	A	G	SS=1;CTG=GL000069.2;CTGPOS41219906;CB=p11.2;DBSNP=rs1325197677	ENCODE=.:.:.:FRG1HP:transcribed_unprocessed_pseudogene:11496:MIR4477A:miRNA:3849		CADD=A/G:0.610576:8.284	
chr9:41229987:G/A:1	9	41229987	G	A	SS=1;CTG=GL000069.2;CTGPOS41219987;CB=p11.2;DBSNP=rs1333826023	ENCODE=.:.:.:FRG1HP:transcribed_unprocessed_pseudogene:11577:MIR4477A:miRNA:3768		CADD=G/A:0.454026:6.904	
chr9:62880685:G/T:1	9	62880685	G	T	SS=1;CTG=KI270403.1;CTGPOS81853;CB=q13;DBSNP=rs3894607	ENCODE=AL512625.3:lincRNA:5upstream,non-coding intronic:.:.:.:.:.:.		CADD=G/T:-0.018862:1.587	CONSEQ=non-coding intronic(ENSG00000234665:ENST00000445604:11381:.:.:.:.),non-coding intronic(ENSG00000234665:ENST00000585533:11381:.:.:.:.),non-coding intronic(ENSG00000234665:ENST00000591993:11381:.:.:.:.),5upstream(ENSG00000234665:ENST00000609749:.:.:.:.:.)
chr9:69250885:T/G:1	9	69250885	T	G	SS=1;CTG=GL000089.2;CTGPOS1030333;CB=q21.11;DBSNP=.	ENCODE=AL358113.1:protein_coding:3downstream,intronic:.:.:.:.:.:.;TJP2:protein_coding:non-coding intronic,3downstream,intronic:.:.:.:.:.:.		CADD=T/G:0.056303:2.302	CONSEQ=intronic(ENSG00000119139:ENST00000650460:1930:.:.:.:.),intronic(ENSG00000119139:ENST00000648042:150:.:.:.:.),intronic(ENSG00000119139:ENST00000535702:150:.:.:.:.),intronic(ENSG00000285130:ENST00000645088:150:.:.:.:.),non-coding intronic(ENSG00000119139:ENST00000649783:150:.:.:.:.),intronic(ENSG00000119139:ENST00000649943:150:.:.:.:.),non-coding intronic(ENSG00000119139:ENST00000650353:150:.:.:.:.),non-coding intronic(ENSG00000119139:ENST00000650522:150:.:.:.:.),intronic(ENSG00000119139:ENST00000348208:1930:.:.:.:.),intronic(ENSG00000119139:ENST00000453658:1930:.:.:.:.),non-coding intronic(ENSG00000119139:ENST00000498204:1930:.:.:.:.),intronic(ENSG00000119139:ENST00000649114:1930:.:.:.:.),intronic(ENSG00000119139:ENST00000649134:1930:.:.:.:.),3downstream(ENSG00000119139:ENST00000648087:.:.:.:.:.),3downstream(ENSG00000285130:ENST00000643352:.:.:.:.:.),3downstream(ENSG00000119139:ENST00000636247:.:.:.:.:.),intronic(ENSG00000119139:ENST00000377245:150:.:.:.:.),intronic(ENSG00000119139:ENST00000539225:150:.:.:.:.),intronic(ENSG00000119139:ENST00000636438:150:.:.:.:.),intronic(ENSG00000285130:ENST00000642889:150:.:.:.:.),intronic(ENSG00000119139:ENST00000648204:150:.:.:.:.),non-coding intronic(ENSG00000119139:ENST00000649927:150:.:.:.:.),intronic(ENSG00000119139:ENST00000650084:150:.:.:.:.),intronic(ENSG00000119139:ENST00000650333:150:.:.:.:.)
chr9:79693752:C/G:1	9	79693752	C	G	SS=1;CTG=GL000089.2;CTGPOS11473200;CB=q21.31;DBSNP=rs1004810581	ENCODE=TLE4:protein_coding:non-coding intronic,intronic:.:.:.:.:.:.		CADD=C/G:-0.138779:0.795	CONSEQ=intronic(ENSG00000106829:ENST00000265284:11031:.:.:.:.),intronic(ENSG00000106829:ENST00000376537:11031:.:.:.:.),intronic(ENSG00000106829:ENST00000376544:11031:.:.:.:.),intronic(ENSG00000106829:ENST00000376552:11031:.:.:.:.),intronic(ENSG00000106829:ENST00000428713:11031:.:.:.:.),intronic(ENSG00000106829:ENST00000435650:11031:.:.:.:.),intronic(ENSG00000106829:ENST00000470872:11031:.:.:.:.),intronic(ENSG00000106829:ENST00000490347:11031:.:.:.:.),non-coding intronic(ENSG00000106829:ENST00000463431:11031:.:.:.:.),intronic(ENSG00000106829:ENST00000462803:11031:.:.:.:.)
chr9:81915142:A/C:1	9	81915142	A	C	SS=1;CTG=GL000089.2;CTGPOS13694590;CB=q21.32;DBSNP=rs571981873	ENCODE=SPATA31D5P:transcribed_unprocessed_pseudogene:non-coding intronic:.:.:.:.:.:.		CADD=A/C:-0.293177:0.277	CONSEQ=non-coding intronic(ENSG00000240632:ENST00000376459:34:.:.:.:.),non-coding intronic(ENSG00000240632:ENST00000527857:34:.:.:.:.)
chr9:92274385:C/A:1	9	92274385	C	A	SS=1;CTG=GL000089.2;CTGPOS24053833;CB=q22.31;DBSNP=rs753849737	ENCODE=IARS:protein_coding:3downstream,intronic:.:.:.:.:.:.		CADD=C/A:-0.186626:0.588	CONSEQ=intronic(ENSG00000196305:ENST00000375643:41:.:.:.:.),intronic(ENSG00000196305:ENST00000443024:41:.:.:.:.),intronic(ENSG00000196305:ENST00000447699:41:.:.:.:.),intronic(ENSG00000196305:ENST00000627121:41:.:.:.:.),3downstream(ENSG00000196305:ENST00000395554:.:.:.:.:.)
chr9:129110977:A/C:1	9	129110977	A	C	SS=1;CTG=GL000089.2;CTGPOS60890425;CB=q34.11;DBSNP=rs3118625	ENCODE=CRAT:protein_coding:5upstream,non-coding:.:.:.:.:.:.;PTPA:protein_coding:5upstream,5utr:.:.:.:.:.:.		CADD=A/C:0.692991:8.968	CONSEQ=5upstream(ENSG00000119383:ENST00000337738:.:.:.:.:.),5upstream(ENSG00000119383:ENST00000357197:.:.:.:.:.),5upstream(ENSG00000119383:ENST00000393370:.:.:.:.:.),5upstream(ENSG00000119383:ENST00000348141:.:.:.:.:.),5upstream(ENSG00000095321:ENST00000415948:.:.:.:.:.),5upstream(ENSG00000119383:ENST00000347048:.:.:.:.:.),5upstream(ENSG00000119383:ENST00000445241:.:.:.:.:.),5upstream(ENSG00000119383:ENST00000355007:.:.:.:.:.),5upstream(ENSG00000119383:ENST00000414331:.:.:.:.:.),5upstream(ENSG00000119383:ENST00000417728:.:.:.:.:.),5upstream(ENSG00000119383:ENST00000452489:.:.:.:.:.),5upstream(ENSG00000119383:ENST00000453358:.:.:.:.:.),5upstream(ENSG00000095321:ENST00000455830:.:.:.:.:.),5upstream(ENSG00000095321:ENST00000393384:.:.:.:.:.),5upstream(ENSG00000095321:ENST00000441796:.:.:.:.:.),5upstream(ENSG00000095321:ENST00000458362:.:.:.:.:.),5upstream(ENSG00000095321:ENST00000318080:.:.:.:.:.),5utr(ENSG00000119383:ENST00000358994:.:28:.:.:.),non-coding(ENSG00000095321:ENST00000464290:.:213:.:.:.),5utr(ENSG00000119383:ENST00000455292:.:14:.:.:.)
chr9:131117993:A/C:1	9	131117993	A	C	SS=1;CTG=GL000089.2;CTGPOS62897441;CB=q34.13;DBSNP=.	ENCODE=AIF1L:protein_coding:intronic:.:.:.:.:.:.		CADD=A/C:0.322795:5.559	CONSEQ=intronic(ENSG00000126878:ENST00000372298:158:.:.:.:.),intronic(ENSG00000126878:ENST00000372297:146:.:.:.:.),intronic(ENSG00000126878:ENST00000372300:146:.:.:.:.),intronic(ENSG00000126878:ENST00000247291:75:.:.:.:.),intronic(ENSG00000126878:ENST00000372301:75:.:.:.:.),intronic(ENSG00000126878:ENST00000372302:75:.:.:.:.),intronic(ENSG00000126878:ENST00000372309:75:.:.:.:.),intronic(ENSG00000126878:ENST00000372314:75:.:.:.:.)
chr9:133472046:G/A:1	9	133472046	G	A	SS=1;CTG=GL000089.2;CTGPOS65251494;CB=q34.2;DBSNP=rs3094378	ENCODE=SLC2A6:protein_coding:non-coding,coding nonsyn:.:.:.:.:.:.	SIFT=Deleterious(ENST00000371897:SLC2A6:G/A:T438M:0.037);Deleterious - Low Confidence(ENST00000371899:SLC2A6:G/A:T500M:0.006);Deleterious(ENST00000371897:SLC2A6:G/A:T438M:0.000);Deleterious(ENST00000371897:SLC2A6:G/C:T438R:0.030);Deleterious(ENST00000371897:SLC2A6:G/T:T438K:0.010);Deleterious(ENST00000371899:SLC2A6:G/A:T500M:0.000);Deleterious(ENST00000371899:SLC2A6:G/C:T500R:0.020);Deleterious(ENST00000371899:SLC2A6:G/T:T500K:0.000)		CONSEQ=3downstream(ENSG00000160325:ENST00000540581:.:.:.:.:.),3downstream(ENSG00000160325:ENST00000542192:.:.:.:.:.),3downstream(ENSG00000160325:ENST00000291722:.:.:.:.:.),3downstream(ENSG00000160325:ENST00000316948:.:.:.:.:.),non-coding(ENSG00000160326:ENST00000485978:.:2466:.:.:.),coding(ENSG00000160326:ENST00000371897:.:1350:1313:nonsyn:T438M),coding(ENSG00000160326:ENST00000371899:.:1577:1499:nonsyn:T500M)
chr9:134155272:C/G:1	9	134155272	C	G	SS=1;CTG=GL000089.2;CTGPOS65934720;CB=q34.2;DBSNP=rs878923487	ENCODE=WDR5:protein_coding:intronic:.:.:.:.:.:.		CADD=C/G:-0.107091:0.963	CONSEQ=intronic(ENSG00000196363:ENST00000358625:68:.:.:.:.)
chr9:134782781:A/G:1	9	134782781	A	G	SS=1;CTG=GL000089.2;CTGPOS66562229;CB=q34.3;DBSNP=rs1194477211	ENCODE=COL5A1:protein_coding:intronic:.:.:.:.:.:.		CADD=A/G:0.083750:2.603	CONSEQ=intronic(ENSG00000130635:ENST00000371817:61:.:.:.:.),intronic(ENSG00000130635:ENST00000618395:61:.:.:.:.)
chrX:51332989:A/G:1	X	51332989	A	G	SS=1;CTG=GL000167.2;CTGPOS1054025;CB=p11.22;DBSNP=rs2625875	ENCODE=NUDT10:protein_coding:coding syn:.:.:.:.:.:.		CADD=A/G:2.234259:20.400	CONSEQ=coding(ENSG00000122824:ENST00000356450:.:160:24:syn:T8T),coding(ENSG00000122824:ENST00000376006:.:244:24:syn:T8T)
chrX:53380790:T/C:1	X	53380790	T	C	SS=1;CTG=GL000167.2;CTGPOS3101826;CB=p11.22;DBSNP=.	ENCODE=SMC1A:protein_coding:3downstream,intronic:.:.:.:.:.:.		CADD=T/C:0.575293:7.986	CONSEQ=3downstream(ENSG00000072501:ENST00000469129:.:.:.:.:.),intronic(ENSG00000072501:ENST00000322213:60:.:.:.:.),intronic(ENSG00000072501:ENST00000375340:60:.:.:.:.),intronic(ENSG00000072501:ENST00000470241:60:.:.:.:.)
chrX:119934456:G/A:1	X	119934456	G	A	SS=1;CTG=GL000171.2;CTGPOS3338890;CB=q24;DBSNP=rs199913043	ENCODE=NKAP:protein_coding:non-coding intronic,5upstream,intronic:.:.:.:.:.:.		CADD=G/A:-0.845646:0.004	CONSEQ=intronic(ENSG00000101882:ENST00000371410:38:.:.:.:.),non-coding intronic(ENSG00000101882:ENST00000477789:38:.:.:.:.),5upstream(ENSG00000101882:ENST00000482407:.:.:.:.:.)
chrX:119934461:G/A:1	X	119934461	G	A	SS=1;CTG=GL000171.2;CTGPOS3338895;CB=q24;DBSNP=rs749837235	ENCODE=NKAP:protein_coding:non-coding intronic,5upstream,intronic:.:.:.:.:.:.		CADD=G/A:-0.200028:0.538	CONSEQ=intronic(ENSG00000101882:ENST00000371410:33:.:.:.:.),non-coding intronic(ENSG00000101882:ENST00000477789:33:.:.:.:.),5upstream(ENSG00000101882:ENST00000482407:.:.:.:.:.)
chrX:149830784:A/G:1	X	149830784	A	G	SS=1;CTG=GL000172.2;CTGPOS5355178;CB=q28;DBSNP=rs1341844054	ENCODE=LINC00850:lincRNA:non-coding intronic:.:.:.:.:.:.		CADD=A/G:0.309527:5.409	CONSEQ=non-coding intronic(ENSG00000280752:ENST00000629221:4968:.:.:.:.)